2026-08-30 17:50:04,875:WARNING:
'cuml' is a soft dependency and not included in the pycaret installation. Please run: `pip install cuml` to install.
2026-08-30 17:50:04,875:WARNING:
'cuml' is a soft dependency and not included in the pycaret installation. Please run: `pip install cuml` to install.
2026-08-30 17:50:04,875:WARNING:
'cuml' is a soft dependency and not included in the pycaret installation. Please run: `pip install cuml` to install.
2026-08-30 17:50:04,875:WARNING:
'cuml' is a soft dependency and not included in the pycaret installation. Please run: `pip install cuml` to install.
2026-08-30 17:50:05,335:INFO:PyCaret RegressionExperiment
2026-08-30 17:50:05,335:INFO:Logging name: reg-default-name
2026-08-30 17:50:05,335:INFO:ML Usecase: MLUsecase.REGRESSION
2026-08-30 17:50:05,337:INFO:version 3.3.2
2026-08-30 17:50:05,337:INFO:Initializing setup()
2026-08-30 17:50:05,337:INFO:self.USI: be86
2026-08-30 17:50:05,337:INFO:self._variable_keys: {'html_param', 'exp_name_log', 'X', 'pipeline', 'gpu_param', 'log_plots_param', 'X_train', 'gpu_n_jobs_param', 'fold_shuffle_param', 'seed', 'idx', 'X_test', '_available_plots', 'y', 'fold_generator', 'USI', 'y_test', 'logging_param', 'memory', 'n_jobs_param', 'exp_id', 'target_param', 'data', 'fold_groups_param', 'transform_target_param', '_ml_usecase', 'y_train'}
2026-08-30 17:50:05,337:INFO:Checking environment
2026-08-30 17:50:05,337:INFO:python_version: 3.11.9
2026-08-30 17:50:05,337:INFO:python_build: ('tags/v3.11.9:de54cf5', 'Apr  2 2024 10:12:12')
2026-08-30 17:50:05,337:INFO:machine: AMD64
2026-08-30 17:50:05,337:INFO:platform: Windows-10-10.0.26200-SP0
2026-08-30 17:50:05,337:INFO:Memory: svmem(total=16992018432, available=7497658368, percent=55.9, used=9494360064, free=7497658368)
2026-08-30 17:50:05,337:INFO:Physical Core: 4
2026-08-30 17:50:05,339:INFO:Logical Core: 8
2026-08-30 17:50:05,339:INFO:Checking libraries
2026-08-30 17:50:05,339:INFO:System:
2026-08-30 17:50:05,340:INFO:    python: 3.11.9 (tags/v3.11.9:de54cf5, Apr  2 2024, 10:12:12) [MSC v.1938 64 bit (AMD64)]
2026-08-30 17:50:05,340:INFO:executable: C:\Users\technobist.ir\Desktop\py3.11\.venv\Scripts\python.exe
2026-08-30 17:50:05,340:INFO:   machine: Windows-10-10.0.26200-SP0
2026-08-30 17:50:05,340:INFO:PyCaret required dependencies:
2026-08-30 17:50:05,523:INFO:                 pip: 26.0.1
2026-08-30 17:50:05,523:INFO:          setuptools: 82.0.0
2026-08-30 17:50:05,523:INFO:             pycaret: 3.3.2
2026-08-30 17:50:05,523:INFO:             IPython: 9.17.0
2026-08-30 17:50:05,523:INFO:          ipywidgets: 8.1.9
2026-08-30 17:50:05,523:INFO:                tqdm: 4.70.0
2026-08-30 17:50:05,523:INFO:               numpy: 1.26.4
2026-08-30 17:50:05,523:INFO:              pandas: 2.1.4
2026-08-30 17:50:05,523:INFO:              jinja2: 3.1.6
2026-08-30 17:50:05,523:INFO:               scipy: 1.11.4
2026-08-30 17:50:05,523:INFO:              joblib: 1.3.2
2026-08-30 17:50:05,523:INFO:             sklearn: 1.4.2
2026-08-30 17:50:05,523:INFO:                pyod: 3.4.0
2026-08-30 17:50:05,525:INFO:            imblearn: 0.14.2
2026-08-30 17:50:05,525:INFO:   category_encoders: 2.7.0
2026-08-30 17:50:05,525:INFO:            lightgbm: 4.7.0
2026-08-30 17:50:05,525:INFO:               numba: 0.67.0
2026-08-30 17:50:05,525:INFO:            requests: 2.34.2
2026-08-30 17:50:05,525:INFO:          matplotlib: 3.7.5
2026-08-30 17:50:05,525:INFO:          scikitplot: 0.3.7
2026-08-30 17:50:05,525:INFO:         yellowbrick: 1.5
2026-08-30 17:50:05,525:INFO:              plotly: 6.9.0
2026-08-30 17:50:05,525:INFO:    plotly-resampler: Not installed
2026-08-30 17:50:05,525:INFO:             kaleido: 1.3.0
2026-08-30 17:50:05,525:INFO:           schemdraw: 0.15
2026-08-30 17:50:05,525:INFO:         statsmodels: 0.15.0
2026-08-30 17:50:05,525:INFO:              sktime: 0.26.0
2026-08-30 17:50:05,525:INFO:               tbats: 1.1.3
2026-08-30 17:50:05,525:INFO:            pmdarima: 2.0.4
2026-08-30 17:50:05,525:INFO:              psutil: 7.2.2
2026-08-30 17:50:05,525:INFO:          markupsafe: 3.0.3
2026-08-30 17:50:05,525:INFO:             pickle5: Not installed
2026-08-30 17:50:05,525:INFO:         cloudpickle: 3.1.2
2026-08-30 17:50:05,525:INFO:         deprecation: 2.1.0
2026-08-30 17:50:05,525:INFO:              xxhash: 4.0.1
2026-08-30 17:50:05,525:INFO:           wurlitzer: Not installed
2026-08-30 17:50:05,525:INFO:PyCaret optional dependencies:
2026-08-30 17:50:05,583:INFO:                shap: Not installed
2026-08-30 17:50:05,585:INFO:           interpret: Not installed
2026-08-30 17:50:05,585:INFO:                umap: Not installed
2026-08-30 17:50:05,585:INFO:     ydata_profiling: Not installed
2026-08-30 17:50:05,585:INFO:  explainerdashboard: Not installed
2026-08-30 17:50:05,585:INFO:             autoviz: Not installed
2026-08-30 17:50:05,585:INFO:           fairlearn: Not installed
2026-08-30 17:50:05,585:INFO:          deepchecks: Not installed
2026-08-30 17:50:05,585:INFO:             xgboost: Not installed
2026-08-30 17:50:05,585:INFO:            catboost: Not installed
2026-08-30 17:50:05,587:INFO:              kmodes: Not installed
2026-08-30 17:50:05,587:INFO:             mlxtend: Not installed
2026-08-30 17:50:05,587:INFO:       statsforecast: Not installed
2026-08-30 17:50:05,587:INFO:        tune_sklearn: Not installed
2026-08-30 17:50:05,587:INFO:                 ray: Not installed
2026-08-30 17:50:05,587:INFO:            hyperopt: Not installed
2026-08-30 17:50:05,587:INFO:              optuna: Not installed
2026-08-30 17:50:05,587:INFO:               skopt: Not installed
2026-08-30 17:50:05,587:INFO:              mlflow: Not installed
2026-08-30 17:50:05,587:INFO:              gradio: Not installed
2026-08-30 17:50:05,587:INFO:             fastapi: Not installed
2026-08-30 17:50:05,587:INFO:             uvicorn: Not installed
2026-08-30 17:50:05,589:INFO:              m2cgen: Not installed
2026-08-30 17:50:05,589:INFO:           evidently: Not installed
2026-08-30 17:50:05,589:INFO:               fugue: Not installed
2026-08-30 17:50:05,589:INFO:           streamlit: Not installed
2026-08-30 17:50:05,589:INFO:             prophet: Not installed
2026-08-30 17:50:05,589:INFO:None
2026-08-30 17:50:05,589:INFO:Set up data.
2026-08-30 17:50:05,623:INFO:Set up folding strategy.
2026-08-30 17:50:05,623:INFO:Set up train/test split.
2026-08-30 17:50:05,693:INFO:Set up index.
2026-08-30 17:50:05,693:INFO:Assigning column types.
2026-08-30 17:50:05,709:INFO:Engine successfully changes for model 'lr' to 'sklearn'.
2026-08-30 17:50:05,709:INFO:Engine for model 'lasso' has not been set explicitly, hence returning None.
2026-08-30 17:50:05,725:INFO:Engine for model 'ridge' has not been set explicitly, hence returning None.
2026-08-30 17:50:05,741:INFO:Engine for model 'en' has not been set explicitly, hence returning None.
2026-08-30 17:50:05,946:INFO:Engine for model 'svm' has not been set explicitly, hence returning None.
2026-08-30 17:50:06,096:INFO:Engine for model 'knn' has not been set explicitly, hence returning None.
2026-08-30 17:50:06,098:WARNING:
'xgboost' is a soft dependency and not included in the pycaret installation. Please run: `pip install xgboost` to install.
Alternately, you can install this by running `pip install pycaret[models]`
2026-08-30 17:50:06,100:WARNING:
'catboost' is a soft dependency and not included in the pycaret installation. Please run: `pip install catboost` to install.
Alternately, you can install this by running `pip install pycaret[models]`
2026-08-30 17:50:06,100:INFO:Engine for model 'lasso' has not been set explicitly, hence returning None.
2026-08-30 17:50:06,459:INFO:Engine for model 'ridge' has not been set explicitly, hence returning None.
2026-08-30 17:50:06,545:INFO:Engine for model 'en' has not been set explicitly, hence returning None.
2026-08-30 17:50:06,992:INFO:Engine for model 'svm' has not been set explicitly, hence returning None.
2026-08-30 17:50:07,193:INFO:Engine for model 'knn' has not been set explicitly, hence returning None.
2026-08-30 17:50:07,193:WARNING:
'xgboost' is a soft dependency and not included in the pycaret installation. Please run: `pip install xgboost` to install.
Alternately, you can install this by running `pip install pycaret[models]`
2026-08-30 17:50:07,193:WARNING:
'catboost' is a soft dependency and not included in the pycaret installation. Please run: `pip install catboost` to install.
Alternately, you can install this by running `pip install pycaret[models]`
2026-08-30 17:50:07,193:INFO:Engine successfully changes for model 'lasso' to 'sklearn'.
2026-08-30 17:50:07,226:INFO:Engine for model 'ridge' has not been set explicitly, hence returning None.
2026-08-30 17:50:07,242:INFO:Engine for model 'en' has not been set explicitly, hence returning None.
2026-08-30 17:50:07,439:INFO:Engine for model 'svm' has not been set explicitly, hence returning None.
2026-08-30 17:50:07,575:INFO:Engine for model 'knn' has not been set explicitly, hence returning None.
2026-08-30 17:50:07,575:WARNING:
'xgboost' is a soft dependency and not included in the pycaret installation. Please run: `pip install xgboost` to install.
Alternately, you can install this by running `pip install pycaret[models]`
2026-08-30 17:50:07,575:WARNING:
'catboost' is a soft dependency and not included in the pycaret installation. Please run: `pip install catboost` to install.
Alternately, you can install this by running `pip install pycaret[models]`
2026-08-30 17:50:07,594:INFO:Engine for model 'ridge' has not been set explicitly, hence returning None.
2026-08-30 17:50:07,610:INFO:Engine for model 'en' has not been set explicitly, hence returning None.
2026-08-30 17:50:07,790:INFO:Engine for model 'svm' has not been set explicitly, hence returning None.
2026-08-30 17:50:07,925:INFO:Engine for model 'knn' has not been set explicitly, hence returning None.
2026-08-30 17:50:07,926:WARNING:
'xgboost' is a soft dependency and not included in the pycaret installation. Please run: `pip install xgboost` to install.
Alternately, you can install this by running `pip install pycaret[models]`
2026-08-30 17:50:07,926:WARNING:
'catboost' is a soft dependency and not included in the pycaret installation. Please run: `pip install catboost` to install.
Alternately, you can install this by running `pip install pycaret[models]`
2026-08-30 17:50:07,926:INFO:Engine successfully changes for model 'ridge' to 'sklearn'.
2026-08-30 17:50:07,956:INFO:Engine for model 'en' has not been set explicitly, hence returning None.
2026-08-30 17:50:08,144:INFO:Engine for model 'svm' has not been set explicitly, hence returning None.
2026-08-30 17:50:08,294:INFO:Engine for model 'knn' has not been set explicitly, hence returning None.
2026-08-30 17:50:08,294:WARNING:
'xgboost' is a soft dependency and not included in the pycaret installation. Please run: `pip install xgboost` to install.
Alternately, you can install this by running `pip install pycaret[models]`
2026-08-30 17:50:08,294:WARNING:
'catboost' is a soft dependency and not included in the pycaret installation. Please run: `pip install catboost` to install.
Alternately, you can install this by running `pip install pycaret[models]`
2026-08-30 17:50:08,329:INFO:Engine for model 'en' has not been set explicitly, hence returning None.
2026-08-30 17:50:08,523:INFO:Engine for model 'svm' has not been set explicitly, hence returning None.
2026-08-30 17:50:08,654:INFO:Engine for model 'knn' has not been set explicitly, hence returning None.
2026-08-30 17:50:08,654:WARNING:
'xgboost' is a soft dependency and not included in the pycaret installation. Please run: `pip install xgboost` to install.
Alternately, you can install this by running `pip install pycaret[models]`
2026-08-30 17:50:08,654:WARNING:
'catboost' is a soft dependency and not included in the pycaret installation. Please run: `pip install catboost` to install.
Alternately, you can install this by running `pip install pycaret[models]`
2026-08-30 17:50:08,654:INFO:Engine successfully changes for model 'en' to 'sklearn'.
2026-08-30 17:50:08,877:INFO:Engine for model 'svm' has not been set explicitly, hence returning None.
2026-08-30 17:50:09,030:INFO:Engine for model 'knn' has not been set explicitly, hence returning None.
2026-08-30 17:50:09,033:WARNING:
'xgboost' is a soft dependency and not included in the pycaret installation. Please run: `pip install xgboost` to install.
Alternately, you can install this by running `pip install pycaret[models]`
2026-08-30 17:50:09,034:WARNING:
'catboost' is a soft dependency and not included in the pycaret installation. Please run: `pip install catboost` to install.
Alternately, you can install this by running `pip install pycaret[models]`
2026-08-30 17:50:09,249:INFO:Engine for model 'svm' has not been set explicitly, hence returning None.
2026-08-30 17:50:09,381:INFO:Engine for model 'knn' has not been set explicitly, hence returning None.
2026-08-30 17:50:09,381:WARNING:
'xgboost' is a soft dependency and not included in the pycaret installation. Please run: `pip install xgboost` to install.
Alternately, you can install this by running `pip install pycaret[models]`
2026-08-30 17:50:09,381:WARNING:
'catboost' is a soft dependency and not included in the pycaret installation. Please run: `pip install catboost` to install.
Alternately, you can install this by running `pip install pycaret[models]`
2026-08-30 17:50:09,381:INFO:Engine successfully changes for model 'knn' to 'sklearn'.
2026-08-30 17:50:09,589:INFO:Engine for model 'svm' has not been set explicitly, hence returning None.
2026-08-30 17:50:09,745:WARNING:
'xgboost' is a soft dependency and not included in the pycaret installation. Please run: `pip install xgboost` to install.
Alternately, you can install this by running `pip install pycaret[models]`
2026-08-30 17:50:09,745:WARNING:
'catboost' is a soft dependency and not included in the pycaret installation. Please run: `pip install catboost` to install.
Alternately, you can install this by running `pip install pycaret[models]`
2026-08-30 17:50:09,979:INFO:Engine for model 'svm' has not been set explicitly, hence returning None.
2026-08-30 17:50:10,107:WARNING:
'xgboost' is a soft dependency and not included in the pycaret installation. Please run: `pip install xgboost` to install.
Alternately, you can install this by running `pip install pycaret[models]`
2026-08-30 17:50:10,107:WARNING:
'catboost' is a soft dependency and not included in the pycaret installation. Please run: `pip install catboost` to install.
Alternately, you can install this by running `pip install pycaret[models]`
2026-08-30 17:50:10,122:INFO:Engine successfully changes for model 'svm' to 'sklearn'.
2026-08-30 17:50:10,518:WARNING:
'xgboost' is a soft dependency and not included in the pycaret installation. Please run: `pip install xgboost` to install.
Alternately, you can install this by running `pip install pycaret[models]`
2026-08-30 17:50:10,518:WARNING:
'catboost' is a soft dependency and not included in the pycaret installation. Please run: `pip install catboost` to install.
Alternately, you can install this by running `pip install pycaret[models]`
2026-08-30 17:50:10,882:WARNING:
'xgboost' is a soft dependency and not included in the pycaret installation. Please run: `pip install xgboost` to install.
Alternately, you can install this by running `pip install pycaret[models]`
2026-08-30 17:50:10,891:WARNING:
'catboost' is a soft dependency and not included in the pycaret installation. Please run: `pip install catboost` to install.
Alternately, you can install this by running `pip install pycaret[models]`
2026-08-30 17:50:10,949:INFO:Preparing preprocessing pipeline...
2026-08-30 17:50:10,949:INFO:Set up simple imputation.
2026-08-30 17:50:10,964:INFO:Set up encoding of categorical features.
2026-08-30 17:50:10,964:INFO:Set up feature normalization.
2026-08-30 17:50:11,214:INFO:Finished creating preprocessing pipeline.
2026-08-30 17:50:11,257:INFO:Pipeline: Pipeline(memory=FastMemory(location=C:\Users\TECHNO~1.IR\AppData\Local\Temp\joblib),
         steps=[('numerical_imputer',
                 TransformerWrapper(include=['year', 'month', 'day',
                                             'day_of_week'],
                                    transformer=SimpleImputer())),
                ('categorical_imputer',
                 TransformerWrapper(include=['country'],
                                    transformer=SimpleImputer(strategy='most_frequent'))),
                ('rest_encoding',
                 TransformerWrapper(include=['country'],
                                    transformer=TargetEncoder(cols=['country'],
                                                              handle_missing='return_nan'))),
                ('normalize',
                 TransformerWrapper(transformer=StandardScaler()))])
2026-08-30 17:50:11,257:INFO:Creating final display dataframe.
2026-08-30 17:50:11,846:INFO:Setup _display_container:                     Description               Value
0                    Session id                 123
1                        Target  daily_vaccinations
2                   Target type          Regression
3           Original data shape          (31240, 6)
4        Transformed data shape          (31240, 6)
5   Transformed train set shape          (21868, 6)
6    Transformed test set shape           (9372, 6)
7              Numeric features                   4
8          Categorical features                   1
9                    Preprocess                True
10              Imputation type              simple
11           Numeric imputation                mean
12       Categorical imputation                mode
13     Maximum one-hot encoding                  25
14              Encoding method                None
15                    Normalize                True
16             Normalize method              zscore
17               Fold Generator               KFold
18                  Fold Number                  10
19                     CPU Jobs                  -1
20                      Use GPU               False
21               Log Experiment               False
22              Experiment Name    reg-default-name
23                          USI                be86
2026-08-30 17:50:12,236:WARNING:
'xgboost' is a soft dependency and not included in the pycaret installation. Please run: `pip install xgboost` to install.
Alternately, you can install this by running `pip install pycaret[models]`
2026-08-30 17:50:12,236:WARNING:
'catboost' is a soft dependency and not included in the pycaret installation. Please run: `pip install catboost` to install.
Alternately, you can install this by running `pip install pycaret[models]`
2026-08-30 17:50:12,747:WARNING:
'xgboost' is a soft dependency and not included in the pycaret installation. Please run: `pip install xgboost` to install.
Alternately, you can install this by running `pip install pycaret[models]`
2026-08-30 17:50:12,747:WARNING:
'catboost' is a soft dependency and not included in the pycaret installation. Please run: `pip install catboost` to install.
Alternately, you can install this by running `pip install pycaret[models]`
2026-08-30 17:50:12,747:INFO:setup() successfully completed in 7.42s...............
2026-08-30 17:52:27,370:INFO:Initializing compare_models()
2026-08-30 17:52:27,370:INFO:compare_models(self=<pycaret.regression.oop.RegressionExperiment object at 0x0000021C67484110>, include=None, exclude=None, fold=None, round=4, cross_validation=True, sort=R2, n_select=1, budget_time=None, turbo=True, errors=ignore, fit_kwargs=None, groups=None, experiment_custom_tags=None, probability_threshold=None, verbose=True, parallel=None, caller_params={'self': <pycaret.regression.oop.RegressionExperiment object at 0x0000021C67484110>, 'include': None, 'exclude': None, 'fold': None, 'round': 4, 'cross_validation': True, 'sort': 'R2', 'n_select': 1, 'budget_time': None, 'turbo': True, 'errors': 'ignore', 'fit_kwargs': None, 'groups': None, 'experiment_custom_tags': None, 'engine': None, 'verbose': True, 'parallel': None, '__class__': <class 'pycaret.regression.oop.RegressionExperiment'>})
2026-08-30 17:52:27,370:INFO:Checking exceptions
2026-08-30 17:52:27,379:INFO:Preparing display monitor
2026-08-30 17:52:27,415:INFO:Initializing Linear Regression
2026-08-30 17:52:27,416:INFO:Total runtime is 1.6649564107259113e-05 minutes
2026-08-30 17:52:27,420:INFO:SubProcess create_model() called ==================================
2026-08-30 17:52:27,421:INFO:Initializing create_model()
2026-08-30 17:52:27,422:INFO:create_model(self=<pycaret.regression.oop.RegressionExperiment object at 0x0000021C67484110>, estimator=lr, fold=KFold(n_splits=10, random_state=None, shuffle=False), round=4, cross_validation=True, predict=True, fit_kwargs={}, groups=None, refit=False, probability_threshold=None, experiment_custom_tags=None, verbose=False, system=False, add_to_model_list=True, metrics=None, display=<pycaret.internal.display.display.CommonDisplay object at 0x0000021C6EB87C90>, model_only=True, return_train_score=False, error_score=0.0, kwargs={})
2026-08-30 17:52:27,422:INFO:Checking exceptions
2026-08-30 17:52:27,422:INFO:Importing libraries
2026-08-30 17:52:27,422:INFO:Copying training dataset
2026-08-30 17:52:27,440:INFO:Defining folds
2026-08-30 17:52:27,441:INFO:Declaring metric variables
2026-08-30 17:52:27,448:INFO:Importing untrained model
2026-08-30 17:52:27,454:INFO:Linear Regression Imported successfully
2026-08-30 17:52:27,464:INFO:Starting cross validation
2026-08-30 17:52:27,478:INFO:Cross validating with KFold(n_splits=10, random_state=None, shuffle=False), n_jobs=-1
2026-08-30 17:52:35,214:WARNING:C:\Users\technobist.ir\Desktop\py3.11\.venv\Lib\site-packages\_distutils_hack\__init__.py:30: UserWarning: Setuptools is replacing distutils. Support for replacing an already imported distutils is deprecated. In the future, this condition will fail. Register concerns at https://github.com/pypa/setuptools/issues/new?template=distutils-deprecation.yml
  warnings.warn(

2026-08-30 17:52:35,215:WARNING:C:\Users\technobist.ir\Desktop\py3.11\.venv\Lib\site-packages\_distutils_hack\__init__.py:30: UserWarning: Setuptools is replacing distutils. Support for replacing an already imported distutils is deprecated. In the future, this condition will fail. Register concerns at https://github.com/pypa/setuptools/issues/new?template=distutils-deprecation.yml
  warnings.warn(

2026-08-30 17:52:35,215:WARNING:C:\Users\technobist.ir\Desktop\py3.11\.venv\Lib\site-packages\_distutils_hack\__init__.py:30: UserWarning: Setuptools is replacing distutils. Support for replacing an already imported distutils is deprecated. In the future, this condition will fail. Register concerns at https://github.com/pypa/setuptools/issues/new?template=distutils-deprecation.yml
  warnings.warn(

2026-08-30 17:52:35,215:WARNING:C:\Users\technobist.ir\Desktop\py3.11\.venv\Lib\site-packages\_distutils_hack\__init__.py:30: UserWarning: Setuptools is replacing distutils. Support for replacing an already imported distutils is deprecated. In the future, this condition will fail. Register concerns at https://github.com/pypa/setuptools/issues/new?template=distutils-deprecation.yml
  warnings.warn(

2026-08-30 17:52:35,217:WARNING:C:\Users\technobist.ir\Desktop\py3.11\.venv\Lib\site-packages\_distutils_hack\__init__.py:30: UserWarning: Setuptools is replacing distutils. Support for replacing an already imported distutils is deprecated. In the future, this condition will fail. Register concerns at https://github.com/pypa/setuptools/issues/new?template=distutils-deprecation.yml
  warnings.warn(

2026-08-30 17:52:35,645:WARNING:C:\Users\technobist.ir\Desktop\py3.11\.venv\Lib\site-packages\_distutils_hack\__init__.py:30: UserWarning: Setuptools is replacing distutils. Support for replacing an already imported distutils is deprecated. In the future, this condition will fail. Register concerns at https://github.com/pypa/setuptools/issues/new?template=distutils-deprecation.yml
  warnings.warn(

2026-08-30 17:52:35,780:INFO:Calculating mean and std
2026-08-30 17:52:35,781:INFO:Creating metrics dataframe
2026-08-30 17:52:35,783:INFO:Uploading results into container
2026-08-30 17:52:35,784:INFO:Uploading model into container now
2026-08-30 17:52:35,785:INFO:_master_model_container: 1
2026-08-30 17:52:35,785:INFO:_display_container: 2
2026-08-30 17:52:35,785:INFO:LinearRegression(n_jobs=-1)
2026-08-30 17:52:35,786:INFO:create_model() successfully completed......................................
2026-08-30 17:52:35,889:INFO:SubProcess create_model() end ==================================
2026-08-30 17:52:35,889:INFO:Creating metrics dataframe
2026-08-30 17:52:35,896:INFO:Initializing Lasso Regression
2026-08-30 17:52:35,896:INFO:Total runtime is 0.1413422187169393 minutes
2026-08-30 17:52:35,900:INFO:SubProcess create_model() called ==================================
2026-08-30 17:52:35,900:INFO:Initializing create_model()
2026-08-30 17:52:35,900:INFO:create_model(self=<pycaret.regression.oop.RegressionExperiment object at 0x0000021C67484110>, estimator=lasso, fold=KFold(n_splits=10, random_state=None, shuffle=False), round=4, cross_validation=True, predict=True, fit_kwargs={}, groups=None, refit=False, probability_threshold=None, experiment_custom_tags=None, verbose=False, system=False, add_to_model_list=True, metrics=None, display=<pycaret.internal.display.display.CommonDisplay object at 0x0000021C6EB87C90>, model_only=True, return_train_score=False, error_score=0.0, kwargs={})
2026-08-30 17:52:35,901:INFO:Checking exceptions
2026-08-30 17:52:35,901:INFO:Importing libraries
2026-08-30 17:52:35,901:INFO:Copying training dataset
2026-08-30 17:52:35,923:INFO:Defining folds
2026-08-30 17:52:35,923:INFO:Declaring metric variables
2026-08-30 17:52:35,931:INFO:Importing untrained model
2026-08-30 17:52:35,937:INFO:Lasso Regression Imported successfully
2026-08-30 17:52:35,951:INFO:Starting cross validation
2026-08-30 17:52:35,954:INFO:Cross validating with KFold(n_splits=10, random_state=None, shuffle=False), n_jobs=-1
2026-08-30 17:52:36,313:INFO:Calculating mean and std
2026-08-30 17:52:36,315:INFO:Creating metrics dataframe
2026-08-30 17:52:36,318:INFO:Uploading results into container
2026-08-30 17:52:36,320:INFO:Uploading model into container now
2026-08-30 17:52:36,321:INFO:_master_model_container: 2
2026-08-30 17:52:36,321:INFO:_display_container: 2
2026-08-30 17:52:36,322:INFO:Lasso(random_state=123)
2026-08-30 17:52:36,322:INFO:create_model() successfully completed......................................
2026-08-30 17:52:36,419:INFO:SubProcess create_model() end ==================================
2026-08-30 17:52:36,419:INFO:Creating metrics dataframe
2026-08-30 17:52:36,427:INFO:Initializing Ridge Regression
2026-08-30 17:52:36,427:INFO:Total runtime is 0.1501929044723511 minutes
2026-08-30 17:52:36,430:INFO:SubProcess create_model() called ==================================
2026-08-30 17:52:36,431:INFO:Initializing create_model()
2026-08-30 17:52:36,431:INFO:create_model(self=<pycaret.regression.oop.RegressionExperiment object at 0x0000021C67484110>, estimator=ridge, fold=KFold(n_splits=10, random_state=None, shuffle=False), round=4, cross_validation=True, predict=True, fit_kwargs={}, groups=None, refit=False, probability_threshold=None, experiment_custom_tags=None, verbose=False, system=False, add_to_model_list=True, metrics=None, display=<pycaret.internal.display.display.CommonDisplay object at 0x0000021C6EB87C90>, model_only=True, return_train_score=False, error_score=0.0, kwargs={})
2026-08-30 17:52:36,431:INFO:Checking exceptions
2026-08-30 17:52:36,431:INFO:Importing libraries
2026-08-30 17:52:36,431:INFO:Copying training dataset
2026-08-30 17:52:36,444:INFO:Defining folds
2026-08-30 17:52:36,444:INFO:Declaring metric variables
2026-08-30 17:52:36,448:INFO:Importing untrained model
2026-08-30 17:52:36,453:INFO:Ridge Regression Imported successfully
2026-08-30 17:52:36,462:INFO:Starting cross validation
2026-08-30 17:52:36,463:INFO:Cross validating with KFold(n_splits=10, random_state=None, shuffle=False), n_jobs=-1
2026-08-30 17:52:36,824:INFO:Calculating mean and std
2026-08-30 17:52:36,827:INFO:Creating metrics dataframe
2026-08-30 17:52:36,831:INFO:Uploading results into container
2026-08-30 17:52:36,832:INFO:Uploading model into container now
2026-08-30 17:52:36,832:INFO:_master_model_container: 3
2026-08-30 17:52:36,832:INFO:_display_container: 2
2026-08-30 17:52:36,833:INFO:Ridge(random_state=123)
2026-08-30 17:52:36,833:INFO:create_model() successfully completed......................................
2026-08-30 17:52:36,931:INFO:SubProcess create_model() end ==================================
2026-08-30 17:52:36,931:INFO:Creating metrics dataframe
2026-08-30 17:52:36,941:INFO:Initializing Elastic Net
2026-08-30 17:52:36,941:INFO:Total runtime is 0.1587648351987203 minutes
2026-08-30 17:52:36,945:INFO:SubProcess create_model() called ==================================
2026-08-30 17:52:36,946:INFO:Initializing create_model()
2026-08-30 17:52:36,946:INFO:create_model(self=<pycaret.regression.oop.RegressionExperiment object at 0x0000021C67484110>, estimator=en, fold=KFold(n_splits=10, random_state=None, shuffle=False), round=4, cross_validation=True, predict=True, fit_kwargs={}, groups=None, refit=False, probability_threshold=None, experiment_custom_tags=None, verbose=False, system=False, add_to_model_list=True, metrics=None, display=<pycaret.internal.display.display.CommonDisplay object at 0x0000021C6EB87C90>, model_only=True, return_train_score=False, error_score=0.0, kwargs={})
2026-08-30 17:52:36,946:INFO:Checking exceptions
2026-08-30 17:52:36,946:INFO:Importing libraries
2026-08-30 17:52:36,946:INFO:Copying training dataset
2026-08-30 17:52:36,958:INFO:Defining folds
2026-08-30 17:52:36,959:INFO:Declaring metric variables
2026-08-30 17:52:36,963:INFO:Importing untrained model
2026-08-30 17:52:36,968:INFO:Elastic Net Imported successfully
2026-08-30 17:52:36,977:INFO:Starting cross validation
2026-08-30 17:52:36,979:INFO:Cross validating with KFold(n_splits=10, random_state=None, shuffle=False), n_jobs=-1
2026-08-30 17:52:37,335:INFO:Calculating mean and std
2026-08-30 17:52:37,337:INFO:Creating metrics dataframe
2026-08-30 17:52:37,339:INFO:Uploading results into container
2026-08-30 17:52:37,341:INFO:Uploading model into container now
2026-08-30 17:52:37,342:INFO:_master_model_container: 4
2026-08-30 17:52:37,342:INFO:_display_container: 2
2026-08-30 17:52:37,342:INFO:ElasticNet(random_state=123)
2026-08-30 17:52:37,343:INFO:create_model() successfully completed......................................
2026-08-30 17:52:37,439:INFO:SubProcess create_model() end ==================================
2026-08-30 17:52:37,439:INFO:Creating metrics dataframe
2026-08-30 17:52:37,452:INFO:Initializing Least Angle Regression
2026-08-30 17:52:37,452:INFO:Total runtime is 0.1672841548919678 minutes
2026-08-30 17:52:37,458:INFO:SubProcess create_model() called ==================================
2026-08-30 17:52:37,459:INFO:Initializing create_model()
2026-08-30 17:52:37,459:INFO:create_model(self=<pycaret.regression.oop.RegressionExperiment object at 0x0000021C67484110>, estimator=lar, fold=KFold(n_splits=10, random_state=None, shuffle=False), round=4, cross_validation=True, predict=True, fit_kwargs={}, groups=None, refit=False, probability_threshold=None, experiment_custom_tags=None, verbose=False, system=False, add_to_model_list=True, metrics=None, display=<pycaret.internal.display.display.CommonDisplay object at 0x0000021C6EB87C90>, model_only=True, return_train_score=False, error_score=0.0, kwargs={})
2026-08-30 17:52:37,459:INFO:Checking exceptions
2026-08-30 17:52:37,460:INFO:Importing libraries
2026-08-30 17:52:37,460:INFO:Copying training dataset
2026-08-30 17:52:37,474:INFO:Defining folds
2026-08-30 17:52:37,474:INFO:Declaring metric variables
2026-08-30 17:52:37,478:INFO:Importing untrained model
2026-08-30 17:52:37,483:INFO:Least Angle Regression Imported successfully
2026-08-30 17:52:37,490:INFO:Starting cross validation
2026-08-30 17:52:37,492:INFO:Cross validating with KFold(n_splits=10, random_state=None, shuffle=False), n_jobs=-1
2026-08-30 17:52:37,862:INFO:Calculating mean and std
2026-08-30 17:52:37,864:INFO:Creating metrics dataframe
2026-08-30 17:52:37,868:INFO:Uploading results into container
2026-08-30 17:52:37,869:INFO:Uploading model into container now
2026-08-30 17:52:37,870:INFO:_master_model_container: 5
2026-08-30 17:52:37,870:INFO:_display_container: 2
2026-08-30 17:52:37,871:INFO:Lars(random_state=123)
2026-08-30 17:52:37,871:INFO:create_model() successfully completed......................................
2026-08-30 17:52:37,972:INFO:SubProcess create_model() end ==================================
2026-08-30 17:52:37,973:INFO:Creating metrics dataframe
2026-08-30 17:52:37,983:INFO:Initializing Lasso Least Angle Regression
2026-08-30 17:52:37,984:INFO:Total runtime is 0.17615063587824506 minutes
2026-08-30 17:52:37,988:INFO:SubProcess create_model() called ==================================
2026-08-30 17:52:37,988:INFO:Initializing create_model()
2026-08-30 17:52:37,988:INFO:create_model(self=<pycaret.regression.oop.RegressionExperiment object at 0x0000021C67484110>, estimator=llar, fold=KFold(n_splits=10, random_state=None, shuffle=False), round=4, cross_validation=True, predict=True, fit_kwargs={}, groups=None, refit=False, probability_threshold=None, experiment_custom_tags=None, verbose=False, system=False, add_to_model_list=True, metrics=None, display=<pycaret.internal.display.display.CommonDisplay object at 0x0000021C6EB87C90>, model_only=True, return_train_score=False, error_score=0.0, kwargs={})
2026-08-30 17:52:37,988:INFO:Checking exceptions
2026-08-30 17:52:37,988:INFO:Importing libraries
2026-08-30 17:52:37,989:INFO:Copying training dataset
2026-08-30 17:52:38,003:INFO:Defining folds
2026-08-30 17:52:38,004:INFO:Declaring metric variables
2026-08-30 17:52:38,008:INFO:Importing untrained model
2026-08-30 17:52:38,012:INFO:Lasso Least Angle Regression Imported successfully
2026-08-30 17:52:38,018:INFO:Starting cross validation
2026-08-30 17:52:38,020:INFO:Cross validating with KFold(n_splits=10, random_state=None, shuffle=False), n_jobs=-1
2026-08-30 17:52:38,321:INFO:Calculating mean and std
2026-08-30 17:52:38,322:INFO:Creating metrics dataframe
2026-08-30 17:52:38,325:INFO:Uploading results into container
2026-08-30 17:52:38,326:INFO:Uploading model into container now
2026-08-30 17:52:38,327:INFO:_master_model_container: 6
2026-08-30 17:52:38,327:INFO:_display_container: 2
2026-08-30 17:52:38,327:INFO:LassoLars(random_state=123)
2026-08-30 17:52:38,327:INFO:create_model() successfully completed......................................
2026-08-30 17:52:38,432:INFO:SubProcess create_model() end ==================================
2026-08-30 17:52:38,433:INFO:Creating metrics dataframe
2026-08-30 17:52:38,441:INFO:Initializing Orthogonal Matching Pursuit
2026-08-30 17:52:38,443:INFO:Total runtime is 0.18378990888595584 minutes
2026-08-30 17:52:38,448:INFO:SubProcess create_model() called ==================================
2026-08-30 17:52:38,448:INFO:Initializing create_model()
2026-08-30 17:52:38,448:INFO:create_model(self=<pycaret.regression.oop.RegressionExperiment object at 0x0000021C67484110>, estimator=omp, fold=KFold(n_splits=10, random_state=None, shuffle=False), round=4, cross_validation=True, predict=True, fit_kwargs={}, groups=None, refit=False, probability_threshold=None, experiment_custom_tags=None, verbose=False, system=False, add_to_model_list=True, metrics=None, display=<pycaret.internal.display.display.CommonDisplay object at 0x0000021C6EB87C90>, model_only=True, return_train_score=False, error_score=0.0, kwargs={})
2026-08-30 17:52:38,449:INFO:Checking exceptions
2026-08-30 17:52:38,449:INFO:Importing libraries
2026-08-30 17:52:38,449:INFO:Copying training dataset
2026-08-30 17:52:38,461:INFO:Defining folds
2026-08-30 17:52:38,461:INFO:Declaring metric variables
2026-08-30 17:52:38,465:INFO:Importing untrained model
2026-08-30 17:52:38,469:INFO:Orthogonal Matching Pursuit Imported successfully
2026-08-30 17:52:38,477:INFO:Starting cross validation
2026-08-30 17:52:38,478:INFO:Cross validating with KFold(n_splits=10, random_state=None, shuffle=False), n_jobs=-1
2026-08-30 17:52:38,809:INFO:Calculating mean and std
2026-08-30 17:52:38,810:INFO:Creating metrics dataframe
2026-08-30 17:52:38,812:INFO:Uploading results into container
2026-08-30 17:52:38,812:INFO:Uploading model into container now
2026-08-30 17:52:38,813:INFO:_master_model_container: 7
2026-08-30 17:52:38,813:INFO:_display_container: 2
2026-08-30 17:52:38,813:INFO:OrthogonalMatchingPursuit()
2026-08-30 17:52:38,813:INFO:create_model() successfully completed......................................
2026-08-30 17:52:38,909:INFO:SubProcess create_model() end ==================================
2026-08-30 17:52:38,910:INFO:Creating metrics dataframe
2026-08-30 17:52:38,922:INFO:Initializing Bayesian Ridge
2026-08-30 17:52:38,922:INFO:Total runtime is 0.1917796889940898 minutes
2026-08-30 17:52:38,926:INFO:SubProcess create_model() called ==================================
2026-08-30 17:52:38,927:INFO:Initializing create_model()
2026-08-30 17:52:38,927:INFO:create_model(self=<pycaret.regression.oop.RegressionExperiment object at 0x0000021C67484110>, estimator=br, fold=KFold(n_splits=10, random_state=None, shuffle=False), round=4, cross_validation=True, predict=True, fit_kwargs={}, groups=None, refit=False, probability_threshold=None, experiment_custom_tags=None, verbose=False, system=False, add_to_model_list=True, metrics=None, display=<pycaret.internal.display.display.CommonDisplay object at 0x0000021C6EB87C90>, model_only=True, return_train_score=False, error_score=0.0, kwargs={})
2026-08-30 17:52:38,927:INFO:Checking exceptions
2026-08-30 17:52:38,927:INFO:Importing libraries
2026-08-30 17:52:38,927:INFO:Copying training dataset
2026-08-30 17:52:38,944:INFO:Defining folds
2026-08-30 17:52:38,944:INFO:Declaring metric variables
2026-08-30 17:52:38,950:INFO:Importing untrained model
2026-08-30 17:52:38,955:INFO:Bayesian Ridge Imported successfully
2026-08-30 17:52:38,964:INFO:Starting cross validation
2026-08-30 17:52:38,966:INFO:Cross validating with KFold(n_splits=10, random_state=None, shuffle=False), n_jobs=-1
2026-08-30 17:52:39,324:INFO:Calculating mean and std
2026-08-30 17:52:39,325:INFO:Creating metrics dataframe
2026-08-30 17:52:39,328:INFO:Uploading results into container
2026-08-30 17:52:39,328:INFO:Uploading model into container now
2026-08-30 17:52:39,329:INFO:_master_model_container: 8
2026-08-30 17:52:39,330:INFO:_display_container: 2
2026-08-30 17:52:39,330:INFO:BayesianRidge()
2026-08-30 17:52:39,330:INFO:create_model() successfully completed......................................
2026-08-30 17:52:39,418:INFO:SubProcess create_model() end ==================================
2026-08-30 17:52:39,419:INFO:Creating metrics dataframe
2026-08-30 17:52:39,433:INFO:Initializing Passive Aggressive Regressor
2026-08-30 17:52:39,433:INFO:Total runtime is 0.20029606819152834 minutes
2026-08-30 17:52:39,437:INFO:SubProcess create_model() called ==================================
2026-08-30 17:52:39,438:INFO:Initializing create_model()
2026-08-30 17:52:39,438:INFO:create_model(self=<pycaret.regression.oop.RegressionExperiment object at 0x0000021C67484110>, estimator=par, fold=KFold(n_splits=10, random_state=None, shuffle=False), round=4, cross_validation=True, predict=True, fit_kwargs={}, groups=None, refit=False, probability_threshold=None, experiment_custom_tags=None, verbose=False, system=False, add_to_model_list=True, metrics=None, display=<pycaret.internal.display.display.CommonDisplay object at 0x0000021C6EB87C90>, model_only=True, return_train_score=False, error_score=0.0, kwargs={})
2026-08-30 17:52:39,438:INFO:Checking exceptions
2026-08-30 17:52:39,438:INFO:Importing libraries
2026-08-30 17:52:39,438:INFO:Copying training dataset
2026-08-30 17:52:39,456:INFO:Defining folds
2026-08-30 17:52:39,456:INFO:Declaring metric variables
2026-08-30 17:52:39,463:INFO:Importing untrained model
2026-08-30 17:52:39,469:INFO:Passive Aggressive Regressor Imported successfully
2026-08-30 17:52:39,477:INFO:Starting cross validation
2026-08-30 17:52:39,479:INFO:Cross validating with KFold(n_splits=10, random_state=None, shuffle=False), n_jobs=-1
2026-08-30 17:52:42,284:INFO:Calculating mean and std
2026-08-30 17:52:42,286:INFO:Creating metrics dataframe
2026-08-30 17:52:42,289:INFO:Uploading results into container
2026-08-30 17:52:42,290:INFO:Uploading model into container now
2026-08-30 17:52:42,291:INFO:_master_model_container: 9
2026-08-30 17:52:42,293:INFO:_display_container: 2
2026-08-30 17:52:42,294:INFO:PassiveAggressiveRegressor(random_state=123)
2026-08-30 17:52:42,294:INFO:create_model() successfully completed......................................
2026-08-30 17:52:42,415:INFO:SubProcess create_model() end ==================================
2026-08-30 17:52:42,415:INFO:Creating metrics dataframe
2026-08-30 17:52:42,428:INFO:Initializing Huber Regressor
2026-08-30 17:52:42,428:INFO:Total runtime is 0.25021375020345055 minutes
2026-08-30 17:52:42,433:INFO:SubProcess create_model() called ==================================
2026-08-30 17:52:42,433:INFO:Initializing create_model()
2026-08-30 17:52:42,433:INFO:create_model(self=<pycaret.regression.oop.RegressionExperiment object at 0x0000021C67484110>, estimator=huber, fold=KFold(n_splits=10, random_state=None, shuffle=False), round=4, cross_validation=True, predict=True, fit_kwargs={}, groups=None, refit=False, probability_threshold=None, experiment_custom_tags=None, verbose=False, system=False, add_to_model_list=True, metrics=None, display=<pycaret.internal.display.display.CommonDisplay object at 0x0000021C6EB87C90>, model_only=True, return_train_score=False, error_score=0.0, kwargs={})
2026-08-30 17:52:42,433:INFO:Checking exceptions
2026-08-30 17:52:42,433:INFO:Importing libraries
2026-08-30 17:52:42,434:INFO:Copying training dataset
2026-08-30 17:52:42,451:INFO:Defining folds
2026-08-30 17:52:42,452:INFO:Declaring metric variables
2026-08-30 17:52:42,457:INFO:Importing untrained model
2026-08-30 17:52:42,465:INFO:Huber Regressor Imported successfully
2026-08-30 17:52:42,481:INFO:Starting cross validation
2026-08-30 17:52:42,483:INFO:Cross validating with KFold(n_splits=10, random_state=None, shuffle=False), n_jobs=-1
2026-08-30 17:52:42,965:INFO:Calculating mean and std
2026-08-30 17:52:42,968:INFO:Creating metrics dataframe
2026-08-30 17:52:42,972:INFO:Uploading results into container
2026-08-30 17:52:42,973:INFO:Uploading model into container now
2026-08-30 17:52:42,974:INFO:_master_model_container: 10
2026-08-30 17:52:42,975:INFO:_display_container: 2
2026-08-30 17:52:42,976:INFO:HuberRegressor()
2026-08-30 17:52:42,976:INFO:create_model() successfully completed......................................
2026-08-30 17:52:43,093:INFO:SubProcess create_model() end ==================================
2026-08-30 17:52:43,094:INFO:Creating metrics dataframe
2026-08-30 17:52:43,105:INFO:Initializing K Neighbors Regressor
2026-08-30 17:52:43,105:INFO:Total runtime is 0.26149381001790367 minutes
2026-08-30 17:52:43,109:INFO:SubProcess create_model() called ==================================
2026-08-30 17:52:43,109:INFO:Initializing create_model()
2026-08-30 17:52:43,109:INFO:create_model(self=<pycaret.regression.oop.RegressionExperiment object at 0x0000021C67484110>, estimator=knn, fold=KFold(n_splits=10, random_state=None, shuffle=False), round=4, cross_validation=True, predict=True, fit_kwargs={}, groups=None, refit=False, probability_threshold=None, experiment_custom_tags=None, verbose=False, system=False, add_to_model_list=True, metrics=None, display=<pycaret.internal.display.display.CommonDisplay object at 0x0000021C6EB87C90>, model_only=True, return_train_score=False, error_score=0.0, kwargs={})
2026-08-30 17:52:43,109:INFO:Checking exceptions
2026-08-30 17:52:43,109:INFO:Importing libraries
2026-08-30 17:52:43,109:INFO:Copying training dataset
2026-08-30 17:52:43,121:INFO:Defining folds
2026-08-30 17:52:43,121:INFO:Declaring metric variables
2026-08-30 17:52:43,129:INFO:Importing untrained model
2026-08-30 17:52:43,138:INFO:K Neighbors Regressor Imported successfully
2026-08-30 17:52:43,158:INFO:Starting cross validation
2026-08-30 17:52:43,162:INFO:Cross validating with KFold(n_splits=10, random_state=None, shuffle=False), n_jobs=-1
2026-08-30 17:52:43,823:INFO:Calculating mean and std
2026-08-30 17:52:43,824:INFO:Creating metrics dataframe
2026-08-30 17:52:43,827:INFO:Uploading results into container
2026-08-30 17:52:43,827:INFO:Uploading model into container now
2026-08-30 17:52:43,828:INFO:_master_model_container: 11
2026-08-30 17:52:43,828:INFO:_display_container: 2
2026-08-30 17:52:43,828:INFO:KNeighborsRegressor(n_jobs=-1)
2026-08-30 17:52:43,828:INFO:create_model() successfully completed......................................
2026-08-30 17:52:43,911:INFO:SubProcess create_model() end ==================================
2026-08-30 17:52:43,911:INFO:Creating metrics dataframe
2026-08-30 17:52:43,923:INFO:Initializing Decision Tree Regressor
2026-08-30 17:52:43,923:INFO:Total runtime is 0.2751351078351339 minutes
2026-08-30 17:52:43,928:INFO:SubProcess create_model() called ==================================
2026-08-30 17:52:43,928:INFO:Initializing create_model()
2026-08-30 17:52:43,929:INFO:create_model(self=<pycaret.regression.oop.RegressionExperiment object at 0x0000021C67484110>, estimator=dt, fold=KFold(n_splits=10, random_state=None, shuffle=False), round=4, cross_validation=True, predict=True, fit_kwargs={}, groups=None, refit=False, probability_threshold=None, experiment_custom_tags=None, verbose=False, system=False, add_to_model_list=True, metrics=None, display=<pycaret.internal.display.display.CommonDisplay object at 0x0000021C6EB87C90>, model_only=True, return_train_score=False, error_score=0.0, kwargs={})
2026-08-30 17:52:43,929:INFO:Checking exceptions
2026-08-30 17:52:43,929:INFO:Importing libraries
2026-08-30 17:52:43,929:INFO:Copying training dataset
2026-08-30 17:52:43,941:INFO:Defining folds
2026-08-30 17:52:43,941:INFO:Declaring metric variables
2026-08-30 17:52:43,946:INFO:Importing untrained model
2026-08-30 17:52:43,950:INFO:Decision Tree Regressor Imported successfully
2026-08-30 17:52:43,960:INFO:Starting cross validation
2026-08-30 17:52:43,962:INFO:Cross validating with KFold(n_splits=10, random_state=None, shuffle=False), n_jobs=-1
2026-08-30 17:52:44,567:INFO:Calculating mean and std
2026-08-30 17:52:44,568:INFO:Creating metrics dataframe
2026-08-30 17:52:44,573:INFO:Uploading results into container
2026-08-30 17:52:44,573:INFO:Uploading model into container now
2026-08-30 17:52:44,574:INFO:_master_model_container: 12
2026-08-30 17:52:44,574:INFO:_display_container: 2
2026-08-30 17:52:44,575:INFO:DecisionTreeRegressor(random_state=123)
2026-08-30 17:52:44,575:INFO:create_model() successfully completed......................................
2026-08-30 17:52:44,674:INFO:SubProcess create_model() end ==================================
2026-08-30 17:52:44,674:INFO:Creating metrics dataframe
2026-08-30 17:52:44,685:INFO:Initializing Random Forest Regressor
2026-08-30 17:52:44,686:INFO:Total runtime is 0.2878475387891134 minutes
2026-08-30 17:52:44,689:INFO:SubProcess create_model() called ==================================
2026-08-30 17:52:44,689:INFO:Initializing create_model()
2026-08-30 17:52:44,689:INFO:create_model(self=<pycaret.regression.oop.RegressionExperiment object at 0x0000021C67484110>, estimator=rf, fold=KFold(n_splits=10, random_state=None, shuffle=False), round=4, cross_validation=True, predict=True, fit_kwargs={}, groups=None, refit=False, probability_threshold=None, experiment_custom_tags=None, verbose=False, system=False, add_to_model_list=True, metrics=None, display=<pycaret.internal.display.display.CommonDisplay object at 0x0000021C6EB87C90>, model_only=True, return_train_score=False, error_score=0.0, kwargs={})
2026-08-30 17:52:44,690:INFO:Checking exceptions
2026-08-30 17:52:44,690:INFO:Importing libraries
2026-08-30 17:52:44,690:INFO:Copying training dataset
2026-08-30 17:52:44,703:INFO:Defining folds
2026-08-30 17:52:44,704:INFO:Declaring metric variables
2026-08-30 17:52:44,710:INFO:Importing untrained model
2026-08-30 17:52:44,716:INFO:Random Forest Regressor Imported successfully
2026-08-30 17:52:44,726:INFO:Starting cross validation
2026-08-30 17:52:44,730:INFO:Cross validating with KFold(n_splits=10, random_state=None, shuffle=False), n_jobs=-1
2026-08-30 17:53:03,330:INFO:Calculating mean and std
2026-08-30 17:53:03,334:INFO:Creating metrics dataframe
2026-08-30 17:53:03,341:INFO:Uploading results into container
2026-08-30 17:53:03,344:INFO:Uploading model into container now
2026-08-30 17:53:03,347:INFO:_master_model_container: 13
2026-08-30 17:53:03,347:INFO:_display_container: 2
2026-08-30 17:53:03,349:INFO:RandomForestRegressor(n_jobs=-1, random_state=123)
2026-08-30 17:53:03,349:INFO:create_model() successfully completed......................................
2026-08-30 17:53:03,494:INFO:SubProcess create_model() end ==================================
2026-08-30 17:53:03,494:INFO:Creating metrics dataframe
2026-08-30 17:53:03,528:INFO:Initializing Extra Trees Regressor
2026-08-30 17:53:03,528:INFO:Total runtime is 0.6018825173377991 minutes
2026-08-30 17:53:03,537:INFO:SubProcess create_model() called ==================================
2026-08-30 17:53:03,537:INFO:Initializing create_model()
2026-08-30 17:53:03,537:INFO:create_model(self=<pycaret.regression.oop.RegressionExperiment object at 0x0000021C67484110>, estimator=et, fold=KFold(n_splits=10, random_state=None, shuffle=False), round=4, cross_validation=True, predict=True, fit_kwargs={}, groups=None, refit=False, probability_threshold=None, experiment_custom_tags=None, verbose=False, system=False, add_to_model_list=True, metrics=None, display=<pycaret.internal.display.display.CommonDisplay object at 0x0000021C6EB87C90>, model_only=True, return_train_score=False, error_score=0.0, kwargs={})
2026-08-30 17:53:03,537:INFO:Checking exceptions
2026-08-30 17:53:03,537:INFO:Importing libraries
2026-08-30 17:53:03,537:INFO:Copying training dataset
2026-08-30 17:53:03,575:INFO:Defining folds
2026-08-30 17:53:03,576:INFO:Declaring metric variables
2026-08-30 17:53:03,588:INFO:Importing untrained model
2026-08-30 17:53:03,598:INFO:Extra Trees Regressor Imported successfully
2026-08-30 17:53:03,635:INFO:Starting cross validation
2026-08-30 17:53:03,648:INFO:Cross validating with KFold(n_splits=10, random_state=None, shuffle=False), n_jobs=-1
2026-08-30 17:53:13,671:INFO:Calculating mean and std
2026-08-30 17:53:13,673:INFO:Creating metrics dataframe
2026-08-30 17:53:13,675:INFO:Uploading results into container
2026-08-30 17:53:13,676:INFO:Uploading model into container now
2026-08-30 17:53:13,677:INFO:_master_model_container: 14
2026-08-30 17:53:13,677:INFO:_display_container: 2
2026-08-30 17:53:13,677:INFO:ExtraTreesRegressor(n_jobs=-1, random_state=123)
2026-08-30 17:53:13,678:INFO:create_model() successfully completed......................................
2026-08-30 17:53:13,778:INFO:SubProcess create_model() end ==================================
2026-08-30 17:53:13,778:INFO:Creating metrics dataframe
2026-08-30 17:53:13,797:INFO:Initializing AdaBoost Regressor
2026-08-30 17:53:13,798:INFO:Total runtime is 0.7730448126792908 minutes
2026-08-30 17:53:13,806:INFO:SubProcess create_model() called ==================================
2026-08-30 17:53:13,807:INFO:Initializing create_model()
2026-08-30 17:53:13,808:INFO:create_model(self=<pycaret.regression.oop.RegressionExperiment object at 0x0000021C67484110>, estimator=ada, fold=KFold(n_splits=10, random_state=None, shuffle=False), round=4, cross_validation=True, predict=True, fit_kwargs={}, groups=None, refit=False, probability_threshold=None, experiment_custom_tags=None, verbose=False, system=False, add_to_model_list=True, metrics=None, display=<pycaret.internal.display.display.CommonDisplay object at 0x0000021C6EB87C90>, model_only=True, return_train_score=False, error_score=0.0, kwargs={})
2026-08-30 17:53:13,808:INFO:Checking exceptions
2026-08-30 17:53:13,808:INFO:Importing libraries
2026-08-30 17:53:13,808:INFO:Copying training dataset
2026-08-30 17:53:13,829:INFO:Defining folds
2026-08-30 17:53:13,829:INFO:Declaring metric variables
2026-08-30 17:53:13,834:INFO:Importing untrained model
2026-08-30 17:53:13,840:INFO:AdaBoost Regressor Imported successfully
2026-08-30 17:53:13,865:INFO:Starting cross validation
2026-08-30 17:53:13,867:INFO:Cross validating with KFold(n_splits=10, random_state=None, shuffle=False), n_jobs=-1
2026-08-30 17:53:14,949:INFO:Calculating mean and std
2026-08-30 17:53:14,950:INFO:Creating metrics dataframe
2026-08-30 17:53:14,954:INFO:Uploading results into container
2026-08-30 17:53:14,955:INFO:Uploading model into container now
2026-08-30 17:53:14,956:INFO:_master_model_container: 15
2026-08-30 17:53:14,957:INFO:_display_container: 2
2026-08-30 17:53:14,958:INFO:AdaBoostRegressor(random_state=123)
2026-08-30 17:53:14,958:INFO:create_model() successfully completed......................................
2026-08-30 17:53:15,071:INFO:SubProcess create_model() end ==================================
2026-08-30 17:53:15,071:INFO:Creating metrics dataframe
2026-08-30 17:53:15,083:INFO:Initializing Gradient Boosting Regressor
2026-08-30 17:53:15,083:INFO:Total runtime is 0.7944685935974122 minutes
2026-08-30 17:53:15,086:INFO:SubProcess create_model() called ==================================
2026-08-30 17:53:15,087:INFO:Initializing create_model()
2026-08-30 17:53:15,087:INFO:create_model(self=<pycaret.regression.oop.RegressionExperiment object at 0x0000021C67484110>, estimator=gbr, fold=KFold(n_splits=10, random_state=None, shuffle=False), round=4, cross_validation=True, predict=True, fit_kwargs={}, groups=None, refit=False, probability_threshold=None, experiment_custom_tags=None, verbose=False, system=False, add_to_model_list=True, metrics=None, display=<pycaret.internal.display.display.CommonDisplay object at 0x0000021C6EB87C90>, model_only=True, return_train_score=False, error_score=0.0, kwargs={})
2026-08-30 17:53:15,087:INFO:Checking exceptions
2026-08-30 17:53:15,087:INFO:Importing libraries
2026-08-30 17:53:15,087:INFO:Copying training dataset
2026-08-30 17:53:15,102:INFO:Defining folds
2026-08-30 17:53:15,102:INFO:Declaring metric variables
2026-08-30 17:53:15,107:INFO:Importing untrained model
2026-08-30 17:53:15,114:INFO:Gradient Boosting Regressor Imported successfully
2026-08-30 17:53:15,127:INFO:Starting cross validation
2026-08-30 17:53:15,129:INFO:Cross validating with KFold(n_splits=10, random_state=None, shuffle=False), n_jobs=-1
2026-08-30 17:53:18,003:INFO:Calculating mean and std
2026-08-30 17:53:18,010:INFO:Creating metrics dataframe
2026-08-30 17:53:18,017:INFO:Uploading results into container
2026-08-30 17:53:18,018:INFO:Uploading model into container now
2026-08-30 17:53:18,019:INFO:_master_model_container: 16
2026-08-30 17:53:18,019:INFO:_display_container: 2
2026-08-30 17:53:18,019:INFO:GradientBoostingRegressor(random_state=123)
2026-08-30 17:53:18,020:INFO:create_model() successfully completed......................................
2026-08-30 17:53:18,129:INFO:SubProcess create_model() end ==================================
2026-08-30 17:53:18,129:INFO:Creating metrics dataframe
2026-08-30 17:53:18,139:INFO:Initializing Light Gradient Boosting Machine
2026-08-30 17:53:18,140:INFO:Total runtime is 0.845411233107249 minutes
2026-08-30 17:53:18,153:INFO:SubProcess create_model() called ==================================
2026-08-30 17:53:18,153:INFO:Initializing create_model()
2026-08-30 17:53:18,153:INFO:create_model(self=<pycaret.regression.oop.RegressionExperiment object at 0x0000021C67484110>, estimator=lightgbm, fold=KFold(n_splits=10, random_state=None, shuffle=False), round=4, cross_validation=True, predict=True, fit_kwargs={}, groups=None, refit=False, probability_threshold=None, experiment_custom_tags=None, verbose=False, system=False, add_to_model_list=True, metrics=None, display=<pycaret.internal.display.display.CommonDisplay object at 0x0000021C6EB87C90>, model_only=True, return_train_score=False, error_score=0.0, kwargs={})
2026-08-30 17:53:18,153:INFO:Checking exceptions
2026-08-30 17:53:18,153:INFO:Importing libraries
2026-08-30 17:53:18,153:INFO:Copying training dataset
2026-08-30 17:53:18,168:INFO:Defining folds
2026-08-30 17:53:18,169:INFO:Declaring metric variables
2026-08-30 17:53:18,175:INFO:Importing untrained model
2026-08-30 17:53:18,185:INFO:Light Gradient Boosting Machine Imported successfully
2026-08-30 17:53:18,199:INFO:Starting cross validation
2026-08-30 17:53:18,201:INFO:Cross validating with KFold(n_splits=10, random_state=None, shuffle=False), n_jobs=-1
2026-08-30 17:53:19,355:WARNING:create_model() for lightgbm raised an exception or returned all 0.0, trying without fit_kwargs:
2026-08-30 17:53:19,422:WARNING:Traceback (most recent call last):
  File "C:\Users\technobist.ir\Desktop\py3.11\.venv\Lib\site-packages\pycaret\internal\pycaret_experiment\supervised_experiment.py", line 794, in compare_models
    model, model_fit_time = self._create_model(**create_model_args)
                            ^^^^^^^^^^^^^^^^^^^^^^^^^^^^^^^^^^^^^^^
  File "C:\Users\technobist.ir\Desktop\py3.11\.venv\Lib\site-packages\pycaret\internal\pycaret_experiment\supervised_experiment.py", line 1533, in _create_model
    model, model_fit_time, model_results, _ = self._create_model_with_cv(
                                              ^^^^^^^^^^^^^^^^^^^^^^^^^^^
  File "C:\Users\technobist.ir\Desktop\py3.11\.venv\Lib\site-packages\pycaret\internal\pycaret_experiment\supervised_experiment.py", line 1126, in _create_model_with_cv
    scores = cross_validate(
             ^^^^^^^^^^^^^^^
  File "C:\Users\technobist.ir\Desktop\py3.11\.venv\Lib\site-packages\sklearn\utils\_param_validation.py", line 213, in wrapper
    return func(*args, **kwargs)
           ^^^^^^^^^^^^^^^^^^^^^
  File "C:\Users\technobist.ir\Desktop\py3.11\.venv\Lib\site-packages\sklearn\model_selection\_validation.py", line 450, in cross_validate
    _warn_or_raise_about_fit_failures(results, error_score)
  File "C:\Users\technobist.ir\Desktop\py3.11\.venv\Lib\site-packages\sklearn\model_selection\_validation.py", line 536, in _warn_or_raise_about_fit_failures
    raise ValueError(all_fits_failed_message)
ValueError: 
All the 10 fits failed.
It is very likely that your model is misconfigured.
You can try to debug the error by setting error_score='raise'.

Below are more details about the failures:
--------------------------------------------------------------------------------
10 fits failed with the following error:
Traceback (most recent call last):
  File "C:\Users\technobist.ir\Desktop\py3.11\.venv\Lib\site-packages\sklearn\model_selection\_validation.py", line 895, in _fit_and_score
    estimator.fit(X_train, y_train, **fit_params)
  File "C:\Users\technobist.ir\Desktop\py3.11\.venv\Lib\site-packages\pycaret\internal\pipeline.py", line 278, in fit
    fitted_estimator = self._memory_fit(
                       ^^^^^^^^^^^^^^^^^
  File "C:\Users\technobist.ir\Desktop\py3.11\.venv\Lib\site-packages\joblib\memory.py", line 353, in __call__
    return self.func(*args, **kwargs)
           ^^^^^^^^^^^^^^^^^^^^^^^^^^
  File "C:\Users\technobist.ir\Desktop\py3.11\.venv\Lib\site-packages\pycaret\internal\pipeline.py", line 69, in _fit_one
    transformer.fit(*args)
  File "C:\Users\technobist.ir\Desktop\py3.11\.venv\Lib\site-packages\lightgbm\sklearn.py", line 1536, in fit
    super().fit(
  File "C:\Users\technobist.ir\Desktop\py3.11\.venv\Lib\site-packages\lightgbm\sklearn.py", line 1171, in fit
    self._Booster = train(
                    ^^^^^^
  File "C:\Users\technobist.ir\Desktop\py3.11\.venv\Lib\site-packages\lightgbm\engine.py", line 296, in train
    booster = Booster(params=params, train_set=train_set)
              ^^^^^^^^^^^^^^^^^^^^^^^^^^^^^^^^^^^^^^^^^^^
  File "C:\Users\technobist.ir\Desktop\py3.11\.venv\Lib\site-packages\lightgbm\basic.py", line 3758, in __init__
    train_set.construct()
  File "C:\Users\technobist.ir\Desktop\py3.11\.venv\Lib\site-packages\lightgbm\basic.py", line 2574, in construct
    self._lazy_init(
  File "C:\Users\technobist.ir\Desktop\py3.11\.venv\Lib\site-packages\lightgbm\basic.py", line 2189, in _lazy_init
    self.set_label(label)
  File "C:\Users\technobist.ir\Desktop\py3.11\.venv\Lib\site-packages\lightgbm\basic.py", line 3097, in set_label
    self.set_field("label", label_array)
  File "C:\Users\technobist.ir\Desktop\py3.11\.venv\Lib\site-packages\lightgbm\basic.py", line 2860, in set_field
    _LIB.LGBM_DatasetSetField(
OSError: exception: access violation reading 0x0000000000000000


2026-08-30 17:53:19,423:INFO:Initializing create_model()
2026-08-30 17:53:19,423:INFO:create_model(self=<pycaret.regression.oop.RegressionExperiment object at 0x0000021C67484110>, estimator=lightgbm, fold=KFold(n_splits=10, random_state=None, shuffle=False), round=4, cross_validation=True, predict=True, fit_kwargs={}, groups=None, refit=False, probability_threshold=None, experiment_custom_tags=None, verbose=False, system=False, add_to_model_list=True, metrics=None, display=<pycaret.internal.display.display.CommonDisplay object at 0x0000021C6EB87C90>, model_only=True, return_train_score=False, error_score=0.0, kwargs={})
2026-08-30 17:53:19,423:INFO:Checking exceptions
2026-08-30 17:53:19,423:INFO:Importing libraries
2026-08-30 17:53:19,423:INFO:Copying training dataset
2026-08-30 17:53:19,437:INFO:Defining folds
2026-08-30 17:53:19,437:INFO:Declaring metric variables
2026-08-30 17:53:19,441:INFO:Importing untrained model
2026-08-30 17:53:19,448:INFO:Light Gradient Boosting Machine Imported successfully
2026-08-30 17:53:19,459:INFO:Starting cross validation
2026-08-30 17:53:19,460:INFO:Cross validating with KFold(n_splits=10, random_state=None, shuffle=False), n_jobs=-1
2026-08-30 17:53:19,820:ERROR:create_model() for lightgbm raised an exception or returned all 0.0:
2026-08-30 17:53:19,824:ERROR:Traceback (most recent call last):
  File "C:\Users\technobist.ir\Desktop\py3.11\.venv\Lib\site-packages\pycaret\internal\pycaret_experiment\supervised_experiment.py", line 794, in compare_models
    model, model_fit_time = self._create_model(**create_model_args)
                            ^^^^^^^^^^^^^^^^^^^^^^^^^^^^^^^^^^^^^^^
  File "C:\Users\technobist.ir\Desktop\py3.11\.venv\Lib\site-packages\pycaret\internal\pycaret_experiment\supervised_experiment.py", line 1533, in _create_model
    model, model_fit_time, model_results, _ = self._create_model_with_cv(
                                              ^^^^^^^^^^^^^^^^^^^^^^^^^^^
  File "C:\Users\technobist.ir\Desktop\py3.11\.venv\Lib\site-packages\pycaret\internal\pycaret_experiment\supervised_experiment.py", line 1126, in _create_model_with_cv
    scores = cross_validate(
             ^^^^^^^^^^^^^^^
  File "C:\Users\technobist.ir\Desktop\py3.11\.venv\Lib\site-packages\sklearn\utils\_param_validation.py", line 213, in wrapper
    return func(*args, **kwargs)
           ^^^^^^^^^^^^^^^^^^^^^
  File "C:\Users\technobist.ir\Desktop\py3.11\.venv\Lib\site-packages\sklearn\model_selection\_validation.py", line 450, in cross_validate
    _warn_or_raise_about_fit_failures(results, error_score)
  File "C:\Users\technobist.ir\Desktop\py3.11\.venv\Lib\site-packages\sklearn\model_selection\_validation.py", line 536, in _warn_or_raise_about_fit_failures
    raise ValueError(all_fits_failed_message)
ValueError: 
All the 10 fits failed.
It is very likely that your model is misconfigured.
You can try to debug the error by setting error_score='raise'.

Below are more details about the failures:
--------------------------------------------------------------------------------
10 fits failed with the following error:
Traceback (most recent call last):
  File "C:\Users\technobist.ir\Desktop\py3.11\.venv\Lib\site-packages\sklearn\model_selection\_validation.py", line 895, in _fit_and_score
    estimator.fit(X_train, y_train, **fit_params)
  File "C:\Users\technobist.ir\Desktop\py3.11\.venv\Lib\site-packages\pycaret\internal\pipeline.py", line 278, in fit
    fitted_estimator = self._memory_fit(
                       ^^^^^^^^^^^^^^^^^
  File "C:\Users\technobist.ir\Desktop\py3.11\.venv\Lib\site-packages\joblib\memory.py", line 353, in __call__
    return self.func(*args, **kwargs)
           ^^^^^^^^^^^^^^^^^^^^^^^^^^
  File "C:\Users\technobist.ir\Desktop\py3.11\.venv\Lib\site-packages\pycaret\internal\pipeline.py", line 69, in _fit_one
    transformer.fit(*args)
  File "C:\Users\technobist.ir\Desktop\py3.11\.venv\Lib\site-packages\lightgbm\sklearn.py", line 1536, in fit
    super().fit(
  File "C:\Users\technobist.ir\Desktop\py3.11\.venv\Lib\site-packages\lightgbm\sklearn.py", line 1171, in fit
    self._Booster = train(
                    ^^^^^^
  File "C:\Users\technobist.ir\Desktop\py3.11\.venv\Lib\site-packages\lightgbm\engine.py", line 296, in train
    booster = Booster(params=params, train_set=train_set)
              ^^^^^^^^^^^^^^^^^^^^^^^^^^^^^^^^^^^^^^^^^^^
  File "C:\Users\technobist.ir\Desktop\py3.11\.venv\Lib\site-packages\lightgbm\basic.py", line 3758, in __init__
    train_set.construct()
  File "C:\Users\technobist.ir\Desktop\py3.11\.venv\Lib\site-packages\lightgbm\basic.py", line 2574, in construct
    self._lazy_init(
  File "C:\Users\technobist.ir\Desktop\py3.11\.venv\Lib\site-packages\lightgbm\basic.py", line 2189, in _lazy_init
    self.set_label(label)
  File "C:\Users\technobist.ir\Desktop\py3.11\.venv\Lib\site-packages\lightgbm\basic.py", line 3097, in set_label
    self.set_field("label", label_array)
  File "C:\Users\technobist.ir\Desktop\py3.11\.venv\Lib\site-packages\lightgbm\basic.py", line 2860, in set_field
    _LIB.LGBM_DatasetSetField(
OSError: exception: access violation reading 0x0000000000000000


During handling of the above exception, another exception occurred:

Traceback (most recent call last):
  File "C:\Users\technobist.ir\Desktop\py3.11\.venv\Lib\site-packages\pycaret\internal\pycaret_experiment\supervised_experiment.py", line 815, in compare_models
    model, model_fit_time = self._create_model(**create_model_args)
                            ^^^^^^^^^^^^^^^^^^^^^^^^^^^^^^^^^^^^^^^
  File "C:\Users\technobist.ir\Desktop\py3.11\.venv\Lib\site-packages\pycaret\internal\pycaret_experiment\supervised_experiment.py", line 1533, in _create_model
    model, model_fit_time, model_results, _ = self._create_model_with_cv(
                                              ^^^^^^^^^^^^^^^^^^^^^^^^^^^
  File "C:\Users\technobist.ir\Desktop\py3.11\.venv\Lib\site-packages\pycaret\internal\pycaret_experiment\supervised_experiment.py", line 1126, in _create_model_with_cv
    scores = cross_validate(
             ^^^^^^^^^^^^^^^
  File "C:\Users\technobist.ir\Desktop\py3.11\.venv\Lib\site-packages\sklearn\utils\_param_validation.py", line 213, in wrapper
    return func(*args, **kwargs)
           ^^^^^^^^^^^^^^^^^^^^^
  File "C:\Users\technobist.ir\Desktop\py3.11\.venv\Lib\site-packages\sklearn\model_selection\_validation.py", line 450, in cross_validate
    _warn_or_raise_about_fit_failures(results, error_score)
  File "C:\Users\technobist.ir\Desktop\py3.11\.venv\Lib\site-packages\sklearn\model_selection\_validation.py", line 536, in _warn_or_raise_about_fit_failures
    raise ValueError(all_fits_failed_message)
ValueError: 
All the 10 fits failed.
It is very likely that your model is misconfigured.
You can try to debug the error by setting error_score='raise'.

Below are more details about the failures:
--------------------------------------------------------------------------------
10 fits failed with the following error:
Traceback (most recent call last):
  File "C:\Users\technobist.ir\Desktop\py3.11\.venv\Lib\site-packages\sklearn\model_selection\_validation.py", line 895, in _fit_and_score
    estimator.fit(X_train, y_train, **fit_params)
  File "C:\Users\technobist.ir\Desktop\py3.11\.venv\Lib\site-packages\pycaret\internal\pipeline.py", line 278, in fit
    fitted_estimator = self._memory_fit(
                       ^^^^^^^^^^^^^^^^^
  File "C:\Users\technobist.ir\Desktop\py3.11\.venv\Lib\site-packages\joblib\memory.py", line 353, in __call__
    return self.func(*args, **kwargs)
           ^^^^^^^^^^^^^^^^^^^^^^^^^^
  File "C:\Users\technobist.ir\Desktop\py3.11\.venv\Lib\site-packages\pycaret\internal\pipeline.py", line 69, in _fit_one
    transformer.fit(*args)
  File "C:\Users\technobist.ir\Desktop\py3.11\.venv\Lib\site-packages\lightgbm\sklearn.py", line 1536, in fit
    super().fit(
  File "C:\Users\technobist.ir\Desktop\py3.11\.venv\Lib\site-packages\lightgbm\sklearn.py", line 1171, in fit
    self._Booster = train(
                    ^^^^^^
  File "C:\Users\technobist.ir\Desktop\py3.11\.venv\Lib\site-packages\lightgbm\engine.py", line 296, in train
    booster = Booster(params=params, train_set=train_set)
              ^^^^^^^^^^^^^^^^^^^^^^^^^^^^^^^^^^^^^^^^^^^
  File "C:\Users\technobist.ir\Desktop\py3.11\.venv\Lib\site-packages\lightgbm\basic.py", line 3758, in __init__
    train_set.construct()
  File "C:\Users\technobist.ir\Desktop\py3.11\.venv\Lib\site-packages\lightgbm\basic.py", line 2574, in construct
    self._lazy_init(
  File "C:\Users\technobist.ir\Desktop\py3.11\.venv\Lib\site-packages\lightgbm\basic.py", line 2189, in _lazy_init
    self.set_label(label)
  File "C:\Users\technobist.ir\Desktop\py3.11\.venv\Lib\site-packages\lightgbm\basic.py", line 3097, in set_label
    self.set_field("label", label_array)
  File "C:\Users\technobist.ir\Desktop\py3.11\.venv\Lib\site-packages\lightgbm\basic.py", line 2860, in set_field
    _LIB.LGBM_DatasetSetField(
OSError: exception: access violation reading 0x0000000000000000


2026-08-30 17:53:19,825:INFO:Initializing Dummy Regressor
2026-08-30 17:53:19,826:INFO:Total runtime is 0.8735154747962952 minutes
2026-08-30 17:53:19,832:INFO:SubProcess create_model() called ==================================
2026-08-30 17:53:19,833:INFO:Initializing create_model()
2026-08-30 17:53:19,833:INFO:create_model(self=<pycaret.regression.oop.RegressionExperiment object at 0x0000021C67484110>, estimator=dummy, fold=KFold(n_splits=10, random_state=None, shuffle=False), round=4, cross_validation=True, predict=True, fit_kwargs={}, groups=None, refit=False, probability_threshold=None, experiment_custom_tags=None, verbose=False, system=False, add_to_model_list=True, metrics=None, display=<pycaret.internal.display.display.CommonDisplay object at 0x0000021C6EB87C90>, model_only=True, return_train_score=False, error_score=0.0, kwargs={})
2026-08-30 17:53:19,833:INFO:Checking exceptions
2026-08-30 17:53:19,833:INFO:Importing libraries
2026-08-30 17:53:19,833:INFO:Copying training dataset
2026-08-30 17:53:19,853:INFO:Defining folds
2026-08-30 17:53:19,853:INFO:Declaring metric variables
2026-08-30 17:53:19,857:INFO:Importing untrained model
2026-08-30 17:53:19,861:INFO:Dummy Regressor Imported successfully
2026-08-30 17:53:19,869:INFO:Starting cross validation
2026-08-30 17:53:19,871:INFO:Cross validating with KFold(n_splits=10, random_state=None, shuffle=False), n_jobs=-1
2026-08-30 17:53:20,194:INFO:Calculating mean and std
2026-08-30 17:53:20,197:INFO:Creating metrics dataframe
2026-08-30 17:53:20,200:INFO:Uploading results into container
2026-08-30 17:53:20,200:INFO:Uploading model into container now
2026-08-30 17:53:20,201:INFO:_master_model_container: 17
2026-08-30 17:53:20,201:INFO:_display_container: 2
2026-08-30 17:53:20,202:INFO:DummyRegressor()
2026-08-30 17:53:20,202:INFO:create_model() successfully completed......................................
2026-08-30 17:53:20,322:INFO:SubProcess create_model() end ==================================
2026-08-30 17:53:20,322:INFO:Creating metrics dataframe
2026-08-30 17:53:20,347:INFO:Initializing create_model()
2026-08-30 17:53:20,348:INFO:create_model(self=<pycaret.regression.oop.RegressionExperiment object at 0x0000021C67484110>, estimator=ExtraTreesRegressor(n_jobs=-1, random_state=123), fold=KFold(n_splits=10, random_state=None, shuffle=False), round=4, cross_validation=False, predict=False, fit_kwargs={}, groups=None, refit=True, probability_threshold=None, experiment_custom_tags=None, verbose=False, system=False, add_to_model_list=True, metrics=None, display=None, model_only=True, return_train_score=False, error_score=0.0, kwargs={})
2026-08-30 17:53:20,348:INFO:Checking exceptions
2026-08-30 17:53:20,350:INFO:Importing libraries
2026-08-30 17:53:20,350:INFO:Copying training dataset
2026-08-30 17:53:20,360:INFO:Defining folds
2026-08-30 17:53:20,360:INFO:Declaring metric variables
2026-08-30 17:53:20,360:INFO:Importing untrained model
2026-08-30 17:53:20,360:INFO:Declaring custom model
2026-08-30 17:53:20,361:INFO:Extra Trees Regressor Imported successfully
2026-08-30 17:53:20,362:INFO:Cross validation set to False
2026-08-30 17:53:20,362:INFO:Fitting Model
2026-08-30 17:53:21,773:INFO:ExtraTreesRegressor(n_jobs=-1, random_state=123)
2026-08-30 17:53:21,773:INFO:create_model() successfully completed......................................
2026-08-30 17:53:21,901:INFO:_master_model_container: 17
2026-08-30 17:53:21,902:INFO:_display_container: 2
2026-08-30 17:53:21,916:INFO:ExtraTreesRegressor(n_jobs=-1, random_state=123)
2026-08-30 17:53:21,917:INFO:compare_models() successfully completed......................................
2026-08-30 17:57:48,892:INFO:Initializing create_model()
2026-08-30 17:57:48,893:INFO:create_model(self=<pycaret.regression.oop.RegressionExperiment object at 0x0000021C67484110>, estimator=et, fold=None, round=4, cross_validation=True, predict=True, fit_kwargs=None, groups=None, refit=True, probability_threshold=None, experiment_custom_tags=None, verbose=True, system=True, add_to_model_list=True, metrics=None, display=None, model_only=True, return_train_score=False, error_score=0.0, kwargs={})
2026-08-30 17:57:48,893:INFO:Checking exceptions
2026-08-30 17:57:48,912:INFO:Importing libraries
2026-08-30 17:57:48,912:INFO:Copying training dataset
2026-08-30 17:57:48,933:INFO:Defining folds
2026-08-30 17:57:48,933:INFO:Declaring metric variables
2026-08-30 17:57:48,939:INFO:Importing untrained model
2026-08-30 17:57:48,945:INFO:Extra Trees Regressor Imported successfully
2026-08-30 17:57:48,962:INFO:Starting cross validation
2026-08-30 17:57:48,964:INFO:Cross validating with KFold(n_splits=10, random_state=None, shuffle=False), n_jobs=-1
2026-08-30 17:57:57,355:WARNING:C:\Users\technobist.ir\Desktop\py3.11\.venv\Lib\site-packages\_distutils_hack\__init__.py:30: UserWarning: Setuptools is replacing distutils. Support for replacing an already imported distutils is deprecated. In the future, this condition will fail. Register concerns at https://github.com/pypa/setuptools/issues/new?template=distutils-deprecation.yml
  warnings.warn(

2026-08-30 17:57:57,359:WARNING:C:\Users\technobist.ir\Desktop\py3.11\.venv\Lib\site-packages\_distutils_hack\__init__.py:30: UserWarning: Setuptools is replacing distutils. Support for replacing an already imported distutils is deprecated. In the future, this condition will fail. Register concerns at https://github.com/pypa/setuptools/issues/new?template=distutils-deprecation.yml
  warnings.warn(

2026-08-30 17:57:57,382:WARNING:C:\Users\technobist.ir\Desktop\py3.11\.venv\Lib\site-packages\_distutils_hack\__init__.py:30: UserWarning: Setuptools is replacing distutils. Support for replacing an already imported distutils is deprecated. In the future, this condition will fail. Register concerns at https://github.com/pypa/setuptools/issues/new?template=distutils-deprecation.yml
  warnings.warn(

2026-08-30 17:57:57,457:WARNING:C:\Users\technobist.ir\Desktop\py3.11\.venv\Lib\site-packages\_distutils_hack\__init__.py:30: UserWarning: Setuptools is replacing distutils. Support for replacing an already imported distutils is deprecated. In the future, this condition will fail. Register concerns at https://github.com/pypa/setuptools/issues/new?template=distutils-deprecation.yml
  warnings.warn(

2026-08-30 17:57:57,523:WARNING:C:\Users\technobist.ir\Desktop\py3.11\.venv\Lib\site-packages\_distutils_hack\__init__.py:30: UserWarning: Setuptools is replacing distutils. Support for replacing an already imported distutils is deprecated. In the future, this condition will fail. Register concerns at https://github.com/pypa/setuptools/issues/new?template=distutils-deprecation.yml
  warnings.warn(

2026-08-30 17:57:57,671:WARNING:C:\Users\technobist.ir\Desktop\py3.11\.venv\Lib\site-packages\_distutils_hack\__init__.py:30: UserWarning: Setuptools is replacing distutils. Support for replacing an already imported distutils is deprecated. In the future, this condition will fail. Register concerns at https://github.com/pypa/setuptools/issues/new?template=distutils-deprecation.yml
  warnings.warn(

2026-08-30 17:57:57,750:WARNING:C:\Users\technobist.ir\Desktop\py3.11\.venv\Lib\site-packages\_distutils_hack\__init__.py:30: UserWarning: Setuptools is replacing distutils. Support for replacing an already imported distutils is deprecated. In the future, this condition will fail. Register concerns at https://github.com/pypa/setuptools/issues/new?template=distutils-deprecation.yml
  warnings.warn(

2026-08-30 17:57:58,017:WARNING:C:\Users\technobist.ir\Desktop\py3.11\.venv\Lib\site-packages\_distutils_hack\__init__.py:30: UserWarning: Setuptools is replacing distutils. Support for replacing an already imported distutils is deprecated. In the future, this condition will fail. Register concerns at https://github.com/pypa/setuptools/issues/new?template=distutils-deprecation.yml
  warnings.warn(

2026-08-30 17:58:16,482:INFO:Calculating mean and std
2026-08-30 17:58:16,482:INFO:Creating metrics dataframe
2026-08-30 17:58:16,507:INFO:Finalizing model
2026-08-30 17:58:18,949:INFO:Uploading results into container
2026-08-30 17:58:18,955:INFO:Uploading model into container now
2026-08-30 17:58:18,997:INFO:_master_model_container: 18
2026-08-30 17:58:18,999:INFO:_display_container: 3
2026-08-30 17:58:19,001:INFO:ExtraTreesRegressor(n_jobs=-1, random_state=123)
2026-08-30 17:58:19,001:INFO:create_model() successfully completed......................................
2026-08-30 17:58:19,208:INFO:Initializing plot_model()
2026-08-30 17:58:19,208:INFO:plot_model(self=<pycaret.regression.oop.RegressionExperiment object at 0x0000021C67484110>, estimator=ExtraTreesRegressor(n_jobs=-1, random_state=123), plot=feature, scale=1, save=False, fold=None, fit_kwargs=None, plot_kwargs=None, groups=None, feature_name=None, label=False, verbose=True, system=True, display=None, display_format=None)
2026-08-30 17:58:19,208:INFO:Checking exceptions
2026-08-30 17:58:19,317:INFO:Preloading libraries
2026-08-30 17:58:20,141:INFO:Copying training dataset
2026-08-30 17:58:20,141:INFO:Plot type: feature
2026-08-30 17:58:20,141:WARNING:No coef_ found. Trying feature_importances_
2026-08-30 17:58:20,692:INFO:Visual Rendered Successfully
2026-08-30 17:58:20,855:INFO:plot_model() successfully completed......................................
2026-08-30 17:58:20,975:INFO:Initializing finalize_model()
2026-08-30 17:58:20,975:INFO:finalize_model(self=<pycaret.regression.oop.RegressionExperiment object at 0x0000021C67484110>, estimator=ExtraTreesRegressor(n_jobs=-1, random_state=123), fit_kwargs=None, groups=None, model_only=False, experiment_custom_tags=None)
2026-08-30 17:58:20,978:INFO:Finalizing ExtraTreesRegressor(n_jobs=-1, random_state=123)
2026-08-30 17:58:21,006:INFO:Initializing create_model()
2026-08-30 17:58:21,008:INFO:create_model(self=<pycaret.regression.oop.RegressionExperiment object at 0x0000021C67484110>, estimator=ExtraTreesRegressor(n_jobs=-1, random_state=123), fold=None, round=4, cross_validation=False, predict=False, fit_kwargs={}, groups=None, refit=True, probability_threshold=None, experiment_custom_tags=None, verbose=False, system=False, add_to_model_list=False, metrics=None, display=None, model_only=False, return_train_score=False, error_score=0.0, kwargs={})
2026-08-30 17:58:21,008:INFO:Checking exceptions
2026-08-30 17:58:21,008:INFO:Importing libraries
2026-08-30 17:58:21,008:INFO:Copying training dataset
2026-08-30 17:58:21,008:INFO:Defining folds
2026-08-30 17:58:21,008:INFO:Declaring metric variables
2026-08-30 17:58:21,008:INFO:Importing untrained model
2026-08-30 17:58:21,008:INFO:Declaring custom model
2026-08-30 17:58:21,008:INFO:Extra Trees Regressor Imported successfully
2026-08-30 17:58:21,022:INFO:Cross validation set to False
2026-08-30 17:58:21,024:INFO:Fitting Model
2026-08-30 17:58:24,325:INFO:Pipeline(memory=Memory(location=None),
         steps=[('numerical_imputer',
                 TransformerWrapper(include=['year', 'month', 'day',
                                             'day_of_week'],
                                    transformer=SimpleImputer())),
                ('categorical_imputer',
                 TransformerWrapper(include=['country'],
                                    transformer=SimpleImputer(strategy='most_frequent'))),
                ('rest_encoding',
                 TransformerWrapper(include=['country'],
                                    transformer=TargetEncoder(cols=['country'],
                                                              handle_missing='return_nan'))),
                ('normalize', TransformerWrapper(transformer=StandardScaler())),
                ('actual_estimator',
                 ExtraTreesRegressor(n_jobs=-1, random_state=123))])
2026-08-30 17:58:24,325:INFO:create_model() successfully completed......................................
2026-08-30 17:58:24,492:INFO:_master_model_container: 18
2026-08-30 17:58:24,492:INFO:_display_container: 3
2026-08-30 17:58:24,522:INFO:Pipeline(memory=Memory(location=None),
         steps=[('numerical_imputer',
                 TransformerWrapper(include=['year', 'month', 'day',
                                             'day_of_week'],
                                    transformer=SimpleImputer())),
                ('categorical_imputer',
                 TransformerWrapper(include=['country'],
                                    transformer=SimpleImputer(strategy='most_frequent'))),
                ('rest_encoding',
                 TransformerWrapper(include=['country'],
                                    transformer=TargetEncoder(cols=['country'],
                                                              handle_missing='return_nan'))),
                ('normalize', TransformerWrapper(transformer=StandardScaler())),
                ('actual_estimator',
                 ExtraTreesRegressor(n_jobs=-1, random_state=123))])
2026-08-30 17:58:24,522:INFO:finalize_model() successfully completed......................................
2026-08-30 17:58:24,716:INFO:Initializing save_model()
2026-08-30 17:58:24,716:INFO:save_model(model=Pipeline(memory=Memory(location=None),
         steps=[('numerical_imputer',
                 TransformerWrapper(include=['year', 'month', 'day',
                                             'day_of_week'],
                                    transformer=SimpleImputer())),
                ('categorical_imputer',
                 TransformerWrapper(include=['country'],
                                    transformer=SimpleImputer(strategy='most_frequent'))),
                ('rest_encoding',
                 TransformerWrapper(include=['country'],
                                    transformer=TargetEncoder(cols=['country'],
                                                              handle_missing='return_nan'))),
                ('normalize', TransformerWrapper(transformer=StandardScaler())),
                ('actual_estimator',
                 ExtraTreesRegressor(n_jobs=-1, random_state=123))]), model_name=vaccination_et_model, prep_pipe_=Pipeline(memory=FastMemory(location=C:\Users\TECHNO~1.IR\AppData\Local\Temp\joblib),
         steps=[('numerical_imputer',
                 TransformerWrapper(include=['year', 'month', 'day',
                                             'day_of_week'],
                                    transformer=SimpleImputer())),
                ('categorical_imputer',
                 TransformerWrapper(include=['country'],
                                    transformer=SimpleImputer(strategy='most_frequent'))),
                ('rest_encoding',
                 TransformerWrapper(include=['country'],
                                    transformer=TargetEncoder(cols=['country'],
                                                              handle_missing='return_nan'))),
                ('normalize',
                 TransformerWrapper(transformer=StandardScaler()))]), verbose=True, use_case=MLUsecase.REGRESSION, kwargs={})
2026-08-30 17:58:24,716:INFO:Adding model into prep_pipe
2026-08-30 17:58:24,718:WARNING:Only Model saved as it was a pipeline.
2026-08-30 17:58:25,525:INFO:vaccination_et_model.pkl saved in current working directory
2026-08-30 17:58:25,548:INFO:Pipeline(memory=Memory(location=None),
         steps=[('numerical_imputer',
                 TransformerWrapper(include=['year', 'month', 'day',
                                             'day_of_week'],
                                    transformer=SimpleImputer())),
                ('categorical_imputer',
                 TransformerWrapper(include=['country'],
                                    transformer=SimpleImputer(strategy='most_frequent'))),
                ('rest_encoding',
                 TransformerWrapper(include=['country'],
                                    transformer=TargetEncoder(cols=['country'],
                                                              handle_missing='return_nan'))),
                ('normalize', TransformerWrapper(transformer=StandardScaler())),
                ('actual_estimator',
                 ExtraTreesRegressor(n_jobs=-1, random_state=123))])
2026-08-30 17:58:25,548:INFO:save_model() successfully completed......................................
2026-08-30 18:13:51,243:WARNING:
'cuml' is a soft dependency and not included in the pycaret installation. Please run: `pip install cuml` to install.
2026-08-30 18:13:51,243:WARNING:
'cuml' is a soft dependency and not included in the pycaret installation. Please run: `pip install cuml` to install.
2026-08-30 18:13:51,243:WARNING:
'cuml' is a soft dependency and not included in the pycaret installation. Please run: `pip install cuml` to install.
2026-08-30 18:13:51,243:WARNING:
'cuml' is a soft dependency and not included in the pycaret installation. Please run: `pip install cuml` to install.
2026-08-30 18:14:34,667:WARNING:
'cuml' is a soft dependency and not included in the pycaret installation. Please run: `pip install cuml` to install.
2026-08-30 18:14:34,667:WARNING:
'cuml' is a soft dependency and not included in the pycaret installation. Please run: `pip install cuml` to install.
2026-08-30 18:14:34,667:WARNING:
'cuml' is a soft dependency and not included in the pycaret installation. Please run: `pip install cuml` to install.
2026-08-30 18:14:34,667:WARNING:
'cuml' is a soft dependency and not included in the pycaret installation. Please run: `pip install cuml` to install.
2026-08-30 18:23:15,458:WARNING:
'cuml' is a soft dependency and not included in the pycaret installation. Please run: `pip install cuml` to install.
2026-08-30 18:23:15,458:WARNING:
'cuml' is a soft dependency and not included in the pycaret installation. Please run: `pip install cuml` to install.
2026-08-30 18:23:15,458:WARNING:
'cuml' is a soft dependency and not included in the pycaret installation. Please run: `pip install cuml` to install.
2026-08-30 18:23:15,458:WARNING:
'cuml' is a soft dependency and not included in the pycaret installation. Please run: `pip install cuml` to install.
2026-08-30 18:23:25,945:INFO:Initializing load_model()
2026-08-30 18:23:25,945:INFO:load_model(model_name=vaccination_et_model, platform=None, authentication=None, verbose=True)
2026-08-30 18:23:27,363:WARNING:C:\Users\technobist.ir\Desktop\py3.11\.venv\Lib\site-packages\_distutils_hack\__init__.py:30: UserWarning: Setuptools is replacing distutils. Support for replacing an already imported distutils is deprecated. In the future, this condition will fail. Register concerns at https://github.com/pypa/setuptools/issues/new?template=distutils-deprecation.yml
  warnings.warn(

2026-08-30 18:23:27,549:INFO:Initializing predict_model()
2026-08-30 18:23:27,549:INFO:predict_model(self=<pycaret.regression.oop.RegressionExperiment object at 0x000002BD0A77BD10>, estimator=Pipeline(memory=Memory(location=None),
         steps=[('numerical_imputer',
                 TransformerWrapper(include=['year', 'month', 'day',
                                             'day_of_week'],
                                    transformer=SimpleImputer())),
                ('categorical_imputer',
                 TransformerWrapper(include=['country'],
                                    transformer=SimpleImputer(strategy='most_frequent'))),
                ('rest_encoding',
                 TransformerWrapper(include=['country'],
                                    transformer=TargetEncoder(cols=['country'],
                                                              handle_missing='return_nan'))),
                ('normalize', TransformerWrapper(transformer=StandardScaler())),
                ('actual_estimator',
                 ExtraTreesRegressor(n_jobs=-1, random_state=123))]), probability_threshold=None, encoded_labels=False, raw_score=False, round=4, verbose=True, ml_usecase=None, preprocess=True, encode_labels=<function _SupervisedExperiment.predict_model.<locals>.encode_labels at 0x000002BD76EDBD80>)
2026-08-30 18:23:27,549:INFO:Checking exceptions
2026-08-30 18:23:27,549:INFO:Preloading libraries
2026-08-30 18:23:27,549:INFO:Set up data.
2026-08-30 18:23:27,559:INFO:Set up index.
2026-08-30 18:23:54,658:INFO:Initializing load_model()
2026-08-30 18:23:54,658:INFO:load_model(model_name=vaccination_et_model, platform=None, authentication=None, verbose=True)
2026-08-30 18:23:56,119:INFO:Initializing predict_model()
2026-08-30 18:23:56,119:INFO:predict_model(self=<pycaret.regression.oop.RegressionExperiment object at 0x000002BD0A9F3F90>, estimator=Pipeline(memory=Memory(location=None),
         steps=[('numerical_imputer',
                 TransformerWrapper(include=['year', 'month', 'day',
                                             'day_of_week'],
                                    transformer=SimpleImputer())),
                ('categorical_imputer',
                 TransformerWrapper(include=['country'],
                                    transformer=SimpleImputer(strategy='most_frequent'))),
                ('rest_encoding',
                 TransformerWrapper(include=['country'],
                                    transformer=TargetEncoder(cols=['country'],
                                                              handle_missing='return_nan'))),
                ('normalize', TransformerWrapper(transformer=StandardScaler())),
                ('actual_estimator',
                 ExtraTreesRegressor(n_jobs=-1, random_state=123))]), probability_threshold=None, encoded_labels=False, raw_score=False, round=4, verbose=True, ml_usecase=None, preprocess=True, encode_labels=<function _SupervisedExperiment.predict_model.<locals>.encode_labels at 0x000002BD65BAEFC0>)
2026-08-30 18:23:56,119:INFO:Checking exceptions
2026-08-30 18:23:56,119:INFO:Preloading libraries
2026-08-30 18:23:56,119:INFO:Set up data.
2026-08-30 18:23:56,122:INFO:Set up index.
2026-08-30 18:24:06,891:INFO:Initializing load_model()
2026-08-30 18:24:06,891:INFO:load_model(model_name=vaccination_et_model, platform=None, authentication=None, verbose=True)
2026-08-30 18:24:08,361:INFO:Initializing predict_model()
2026-08-30 18:24:08,361:INFO:predict_model(self=<pycaret.regression.oop.RegressionExperiment object at 0x000002BD0A96AF90>, estimator=Pipeline(memory=Memory(location=None),
         steps=[('numerical_imputer',
                 TransformerWrapper(include=['year', 'month', 'day',
                                             'day_of_week'],
                                    transformer=SimpleImputer())),
                ('categorical_imputer',
                 TransformerWrapper(include=['country'],
                                    transformer=SimpleImputer(strategy='most_frequent'))),
                ('rest_encoding',
                 TransformerWrapper(include=['country'],
                                    transformer=TargetEncoder(cols=['country'],
                                                              handle_missing='return_nan'))),
                ('normalize', TransformerWrapper(transformer=StandardScaler())),
                ('actual_estimator',
                 ExtraTreesRegressor(n_jobs=-1, random_state=123))]), probability_threshold=None, encoded_labels=False, raw_score=False, round=4, verbose=True, ml_usecase=None, preprocess=True, encode_labels=<function _SupervisedExperiment.predict_model.<locals>.encode_labels at 0x000002BD626D5260>)
2026-08-30 18:24:08,361:INFO:Checking exceptions
2026-08-30 18:24:08,361:INFO:Preloading libraries
2026-08-30 18:24:08,361:INFO:Set up data.
2026-08-30 18:24:08,370:INFO:Set up index.
2026-08-30 18:24:20,951:INFO:Initializing load_model()
2026-08-30 18:24:20,951:INFO:load_model(model_name=vaccination_et_model, platform=None, authentication=None, verbose=True)
2026-08-30 18:24:22,394:INFO:Initializing predict_model()
2026-08-30 18:24:22,394:INFO:predict_model(self=<pycaret.regression.oop.RegressionExperiment object at 0x000002BD0A76B150>, estimator=Pipeline(memory=Memory(location=None),
         steps=[('numerical_imputer',
                 TransformerWrapper(include=['year', 'month', 'day',
                                             'day_of_week'],
                                    transformer=SimpleImputer())),
                ('categorical_imputer',
                 TransformerWrapper(include=['country'],
                                    transformer=SimpleImputer(strategy='most_frequent'))),
                ('rest_encoding',
                 TransformerWrapper(include=['country'],
                                    transformer=TargetEncoder(cols=['country'],
                                                              handle_missing='return_nan'))),
                ('normalize', TransformerWrapper(transformer=StandardScaler())),
                ('actual_estimator',
                 ExtraTreesRegressor(n_jobs=-1, random_state=123))]), probability_threshold=None, encoded_labels=False, raw_score=False, round=4, verbose=True, ml_usecase=None, preprocess=True, encode_labels=<function _SupervisedExperiment.predict_model.<locals>.encode_labels at 0x000002BD0A7DFF60>)
2026-08-30 18:24:22,394:INFO:Checking exceptions
2026-08-30 18:24:22,394:INFO:Preloading libraries
2026-08-30 18:24:22,394:INFO:Set up data.
2026-08-30 18:24:22,403:INFO:Set up index.
2026-08-30 18:28:26,775:WARNING:
'cuml' is a soft dependency and not included in the pycaret installation. Please run: `pip install cuml` to install.
2026-08-30 18:28:26,775:WARNING:
'cuml' is a soft dependency and not included in the pycaret installation. Please run: `pip install cuml` to install.
2026-08-30 18:28:26,775:WARNING:
'cuml' is a soft dependency and not included in the pycaret installation. Please run: `pip install cuml` to install.
2026-08-30 18:28:26,775:WARNING:
'cuml' is a soft dependency and not included in the pycaret installation. Please run: `pip install cuml` to install.
2026-08-30 18:29:27,717:WARNING:
'cuml' is a soft dependency and not included in the pycaret installation. Please run: `pip install cuml` to install.
2026-08-30 18:29:27,717:WARNING:
'cuml' is a soft dependency and not included in the pycaret installation. Please run: `pip install cuml` to install.
2026-08-30 18:29:27,717:WARNING:
'cuml' is a soft dependency and not included in the pycaret installation. Please run: `pip install cuml` to install.
2026-08-30 18:29:27,717:WARNING:
'cuml' is a soft dependency and not included in the pycaret installation. Please run: `pip install cuml` to install.
2026-08-30 18:29:34,104:INFO:Initializing load_model()
2026-08-30 18:29:34,104:INFO:load_model(model_name=vaccination_et_model, platform=None, authentication=None, verbose=True)
2026-08-30 18:29:35,439:WARNING:C:\Users\technobist.ir\Desktop\py3.11\.venv\Lib\site-packages\_distutils_hack\__init__.py:30: UserWarning: Setuptools is replacing distutils. Support for replacing an already imported distutils is deprecated. In the future, this condition will fail. Register concerns at https://github.com/pypa/setuptools/issues/new?template=distutils-deprecation.yml
  warnings.warn(

2026-08-30 18:29:35,615:INFO:Initializing predict_model()
2026-08-30 18:29:35,617:INFO:predict_model(self=<pycaret.regression.oop.RegressionExperiment object at 0x000001E7A5ED7AD0>, estimator=Pipeline(memory=Memory(location=None),
         steps=[('numerical_imputer',
                 TransformerWrapper(include=['year', 'month', 'day',
                                             'day_of_week'],
                                    transformer=SimpleImputer())),
                ('categorical_imputer',
                 TransformerWrapper(include=['country'],
                                    transformer=SimpleImputer(strategy='most_frequent'))),
                ('rest_encoding',
                 TransformerWrapper(include=['country'],
                                    transformer=TargetEncoder(cols=['country'],
                                                              handle_missing='return_nan'))),
                ('normalize', TransformerWrapper(transformer=StandardScaler())),
                ('actual_estimator',
                 ExtraTreesRegressor(n_jobs=-1, random_state=123))]), probability_threshold=None, encoded_labels=False, raw_score=False, round=4, verbose=True, ml_usecase=None, preprocess=True, encode_labels=<function _SupervisedExperiment.predict_model.<locals>.encode_labels at 0x000001E7A06B0D60>)
2026-08-30 18:29:35,617:INFO:Checking exceptions
2026-08-30 18:29:35,617:INFO:Preloading libraries
2026-08-30 18:29:35,619:INFO:Set up data.
2026-08-30 18:29:35,628:INFO:Set up index.
2026-08-30 18:34:48,403:WARNING:
'cuml' is a soft dependency and not included in the pycaret installation. Please run: `pip install cuml` to install.
2026-08-30 18:34:48,403:WARNING:
'cuml' is a soft dependency and not included in the pycaret installation. Please run: `pip install cuml` to install.
2026-08-30 18:34:48,403:WARNING:
'cuml' is a soft dependency and not included in the pycaret installation. Please run: `pip install cuml` to install.
2026-08-30 18:34:48,403:WARNING:
'cuml' is a soft dependency and not included in the pycaret installation. Please run: `pip install cuml` to install.
2026-08-30 18:36:36,702:WARNING:
'cuml' is a soft dependency and not included in the pycaret installation. Please run: `pip install cuml` to install.
2026-08-30 18:36:36,702:WARNING:
'cuml' is a soft dependency and not included in the pycaret installation. Please run: `pip install cuml` to install.
2026-08-30 18:36:36,702:WARNING:
'cuml' is a soft dependency and not included in the pycaret installation. Please run: `pip install cuml` to install.
2026-08-30 18:36:36,702:WARNING:
'cuml' is a soft dependency and not included in the pycaret installation. Please run: `pip install cuml` to install.
2026-08-30 19:08:29,078:WARNING:
'cuml' is a soft dependency and not included in the pycaret installation. Please run: `pip install cuml` to install.
2026-08-30 19:08:29,078:WARNING:
'cuml' is a soft dependency and not included in the pycaret installation. Please run: `pip install cuml` to install.
2026-08-30 19:08:29,078:WARNING:
'cuml' is a soft dependency and not included in the pycaret installation. Please run: `pip install cuml` to install.
2026-08-30 19:08:29,078:WARNING:
'cuml' is a soft dependency and not included in the pycaret installation. Please run: `pip install cuml` to install.
2026-08-30 19:08:48,693:INFO:Initializing load_model()
2026-08-30 19:08:48,693:INFO:load_model(model_name=vaccination_et_model, platform=None, authentication=None, verbose=True)
2026-08-30 19:08:50,079:WARNING:C:\Users\technobist.ir\Desktop\py3.11\.venv\Lib\site-packages\_distutils_hack\__init__.py:30: UserWarning: Setuptools is replacing distutils. Support for replacing an already imported distutils is deprecated. In the future, this condition will fail. Register concerns at https://github.com/pypa/setuptools/issues/new?template=distutils-deprecation.yml
  warnings.warn(

2026-08-30 19:08:50,254:INFO:Initializing predict_model()
2026-08-30 19:08:50,258:INFO:predict_model(self=<pycaret.regression.oop.RegressionExperiment object at 0x000001E88C8BF750>, estimator=Pipeline(memory=Memory(location=None),
         steps=[('numerical_imputer',
                 TransformerWrapper(include=['year', 'month', 'day',
                                             'day_of_week'],
                                    transformer=SimpleImputer())),
                ('categorical_imputer',
                 TransformerWrapper(include=['country'],
                                    transformer=SimpleImputer(strategy='most_frequent'))),
                ('rest_encoding',
                 TransformerWrapper(include=['country'],
                                    transformer=TargetEncoder(cols=['country'],
                                                              handle_missing='return_nan'))),
                ('normalize', TransformerWrapper(transformer=StandardScaler())),
                ('actual_estimator',
                 ExtraTreesRegressor(n_jobs=-1, random_state=123))]), probability_threshold=None, encoded_labels=False, raw_score=False, round=4, verbose=True, ml_usecase=None, preprocess=True, encode_labels=<function _SupervisedExperiment.predict_model.<locals>.encode_labels at 0x000001E8FEE8C040>)
2026-08-30 19:08:50,260:INFO:Checking exceptions
2026-08-30 19:08:50,260:INFO:Preloading libraries
2026-08-30 19:08:50,260:INFO:Set up data.
2026-08-30 19:08:50,270:INFO:Set up index.
